,iso_code,continent,location,date,total_cases,new_cases,total_deaths,total_cases_per_million,total_deaths_per_million,stringency_index,population,population_density,median_age,aged_65_older,aged_70_older,gdp_per_capita,extreme_poverty,cardiovasc_death_rate,diabetes_prevalence,female_smokers,male_smokers,handwashing_facilities,hospital_beds_per_thousand,life_expectancy,human_development_index
443,AFG,Asia,Afghanistan,2021-05-12,62718.0,315.0,2713.0,1611.114,69.692,,38928341.0,54.422,18.6,2.5810000000000004,1.337,1803.987,,597.029,9.59,,,37.746,0.5,64.83,0.511
898,OWID_AFR,,Africa,2021-05-12,4656979.0,8863.0,125363.0,3473.8070000000002,93.51299999999999,,1340598113.0,,,,,,,,,,,,,,
1341,ALB,Europe,Albania,2021-05-12,131845.0,42.0,2423.0,45814.511,841.9630000000001,,2877800.0,104.87100000000001,38.0,13.187999999999999,8.642999999999999,11803.431,1.1,304.195,10.08,7.1,51.2,,2.89,78.57,0.795
1784,DZA,Africa,Algeria,2021-05-12,124682.0,199.0,3350.0,2843.308,76.395,,43851043.0,17.348,29.1,6.211,3.8569999999999998,13913.839,0.5,278.36400000000003,6.73,0.7,30.4,83.741,1.9,76.88,0.748
2221,AND,Europe,Andorra,2021-05-12,13470.0,23.0,127.0,174335.081,1643.694,,77265.0,163.755,,,,,,109.135,7.97,29.0,37.8,,,83.73,0.868
2640,AGO,Africa,Angola,2021-05-12,29405.0,259.0,645.0,894.686,19.625,,32866268.0,23.89,16.8,2.405,1.3619999999999999,5819.495,,276.045,3.94,,,26.664,,61.15,0.581
2718,AIA,North America,Anguilla,2021-04-22,,,,,,,15002.0,,,,,,,,,,,,,81.88,
3144,ATG,North America,Antigua and Barbuda,2021-05-12,1240.0,2.0,32.0,12662.364,326.77099999999996,,97928.0,231.845,32.1,6.933,4.631,21490.943,,191.511,13.17,,,,3.8,77.02,0.778
3642,ARG,South America,Argentina,2021-05-12,3215572.0,24475.0,68807.0,71147.621,1522.421,,45195777.0,16.177,31.9,11.198,7.441,18933.907,0.6,191.032,5.5,16.2,27.7,,5.0,76.67,0.845
4080,ARM,Asia,Armenia,2021-05-12,219950.0,354.0,4272.0,74226.335,1441.668,,2963234.0,102.931,35.7,11.232000000000001,7.571000000000001,8787.58,1.8,341.01,7.11,1.5,52.1,94.04299999999999,4.2,75.09,0.7759999999999999
4124,ABW,North America,Aruba,2021-05-11,,,,,,,106766.0,584.8,41.2,13.085,7.452000000000001,35973.781,,,11.62,,,,,76.29,
4601,OWID_ASI,,Asia,2021-05-12,45265838.0,452792.0,585684.0,9755.889000000001,126.229,,4639847425.0,,,,,,,,,,,,,,
5074,AUS,Oceania,Australia,2021-05-12,29955.0,9.0,910.0,1174.711,35.686,,25499881.0,3.202,37.9,15.504000000000001,10.129,44648.71,0.5,107.791,5.07,13.0,16.5,,3.84,83.44,0.9440000000000001
5517,AUT,Europe,Austria,2021-05-12,633960.0,1194.0,10428.0,70389.945,1157.843,,9006400.0,106.749,44.4,19.202,13.748,45436.685999999994,0.7,145.183,6.35,28.4,30.9,,7.37,81.54,0.922
5955,AZE,Asia,Azerbaijan,2021-05-12,328159.0,558.0,4726.0,32365.453999999998,466.11300000000006,,10139175.0,119.309,32.4,6.018,3.8710000000000004,15847.419,,559.812,7.11,0.3,42.5,83.241,4.7,73.0,0.7559999999999999
6378,BHS,North America,Bahamas,2021-05-12,10966.0,58.0,215.0,27885.711,546.729,,393248.0,39.497,34.3,8.996,5.2,27717.847,,235.954,13.17,3.1,20.4,,2.9,73.92,0.8140000000000001
6822,BHR,Asia,Bahrain,2021-05-12,194289.0,1539.0,705.0,114181.32400000001,414.32,,1701583.0,1935.9070000000002,32.4,2.372,1.3869999999999998,43290.705,,151.689,16.52,5.8,37.6,,2.0,77.29,0.852
7258,BGD,Asia,Bangladesh,2021-05-12,777397.0,1140.0,12045.0,4720.383,73.138,,164689383.0,1265.036,27.5,5.098,3.262,3523.9840000000004,14.8,298.003,8.38,1.0,44.7,34.808,0.8,72.59,0.632
7680,BRB,North America,Barbados,2021-05-12,3957.0,7.0,46.0,13769.657,160.072,,287371.0,664.4630000000001,39.8,14.952,9.472999999999999,16978.068,,170.05,13.57,1.9,14.5,88.469,5.8,79.19,0.8140000000000001
8120,BLR,Europe,Belarus,2021-05-12,371405.0,896.0,2661.0,39304.941,281.608,,9449321.0,46.858000000000004,40.3,14.799000000000001,9.788,17167.967,,443.129,5.18,10.5,46.1,,11.0,74.79,0.823
8584,BEL,Europe,Belgium,2021-05-12,1023583.0,3251.0,24630.0,88318.975,2125.178,,11589616.0,375.564,41.8,18.570999999999998,12.849,42658.575999999994,0.2,114.898,4.29,25.1,31.4,,5.64,81.63,0.9309999999999999
9000,BLZ,North America,Belize,2021-05-12,12707.0,3.0,323.0,31957.568,812.331,,397621.0,16.426,25.0,3.853,2.279,7824.361999999999,,176.957,17.11,,,90.083,1.3,74.62,0.716
9423,BEN,Africa,Benin,2021-05-12,7995.0,0.0,101.0,659.4789999999999,8.331,,12123198.0,99.11,18.8,3.2439999999999998,1.942,2064.236,49.6,235.84799999999998,0.99,0.6,12.3,11.035,0.5,61.77,0.545
9536,BMU,North America,Bermuda,2021-05-02,,,,,,70.37,62273.0,1308.82,,,,50669.315,,139.547,13.0,,,,,82.59,
9969,BTN,Asia,Bhutan,2021-05-12,1257.0,10.0,1.0,1629.057,1.296,,771612.0,21.188000000000002,28.6,4.885,2.977,8708.597,1.5,217.06599999999997,9.75,,,79.807,1.7,71.78,0.654
10397,BOL,South America,Bolivia,2021-05-12,322578.0,2369.0,13308.0,27634.472999999998,1140.0639999999999,,11673029.0,10.202,25.4,6.704,4.393,6885.829000000001,7.1,204.299,6.89,,,25.383000000000003,1.1,71.51,0.718
10831,BIH,Europe,Bosnia and Herzegovina,2021-05-12,201796.0,284.0,8943.0,61507.888,2725.847,,3280815.0,68.49600000000001,42.5,16.569000000000003,10.710999999999999,11713.895,0.2,329.635,10.08,30.2,47.7,97.164,3.5,77.4,0.78
11240,BWA,Africa,Botswana,2021-05-12,49041.0,0.0,751.0,20854.09,319.35400000000004,,2351625.0,4.044,25.8,3.9410000000000003,2.242,15807.374,,237.372,4.81,5.7,34.4,,1.8,69.59,0.735
11682,BRA,South America,Brazil,2021-05-12,15359397.0,76692.0,428034.0,72259.314,2013.715,,212559409.0,25.04,33.5,8.552,5.06,14103.452,3.4,177.96099999999998,8.11,10.1,17.9,,2.2,75.88,0.765
12112,BRN,Asia,Brunei,2021-05-12,231.0,1.0,3.0,528.021,6.857,,437483.0,81.347,32.4,4.591,2.3819999999999997,71809.25099999999,,201.285,12.79,2.0,30.9,,2.7,75.86,0.838
12543,BGR,Europe,Bulgaria,2021-05-12,412814.0,657.0,17150.0,59410.990999999995,2468.178,,6948445.0,65.18,44.7,20.801,13.272,18563.307,1.5,424.68800000000005,5.81,30.1,44.4,,7.454,75.05,0.816
12972,BFA,Africa,Burkina Faso,2021-05-12,13387.0,3.0,164.0,640.4259999999999,7.846,,20903278.0,70.15100000000001,17.6,2.4090000000000003,1.358,1703.102,43.7,269.048,2.42,1.6,23.9,11.877,0.4,61.58,0.452
13380,BDI,Africa,Burundi,2021-05-12,4233.0,25.0,6.0,355.99,0.505,,11890781.0,423.06199999999995,17.5,2.562,1.504,702.225,71.7,293.068,6.05,,,6.144,0.8,61.58,0.433
13852,KHM,Asia,Cambodia,2021-05-12,20695.0,472.0,136.0,1237.815,8.134,,16718971.0,90.67200000000001,25.6,4.412,2.385,3645.07,,270.892,4.0,2.0,33.7,66.229,0.8,69.82,0.594
14285,CMR,Africa,Cameroon,2021-05-12,74946.0,0.0,1152.0,2823.265,43.397,,26545864.0,50.885,18.8,3.165,1.919,3364.926,23.8,244.66099999999997,7.2,,,2.735,1.3,59.29,0.563
14758,CAN,North America,Canada,2021-05-12,1314420.0,6557.0,24755.0,34826.308,655.898,,37742157.0,4.037,41.4,16.984,10.797,44017.59099999999,0.5,105.59899999999999,7.37,12.0,16.6,,2.5,82.43,0.929
15177,CPV,Africa,Cape Verde,2021-05-12,27029.0,320.0,238.0,48614.359000000004,428.06699999999995,,555988.0,135.58,25.7,4.46,3.437,6222.554,,182.21900000000002,2.42,2.1,16.5,,2.1,72.98,0.665
15310,CYM,North America,Cayman Islands,2021-05-07,,,,,,,65720.0,256.496,,,,49903.029,,,13.22,,,,,83.92,
15734,CAF,Africa,Central African Republic,2021-05-12,6866.0,192.0,95.0,1421.602,19.67,,4829764.0,7.479,18.3,3.655,2.251,661.24,,435.727,6.1,,,16.602999999999998,1.0,53.28,0.397
16154,TCD,Africa,Chad,2021-05-12,4891.0,3.0,172.0,297.762,10.470999999999998,,16425859.0,11.833,16.7,2.4859999999999998,1.446,1768.1529999999998,38.4,280.995,6.1,,,5.818,,54.24,0.39799999999999996
16599,CHL,South America,Chile,2021-05-12,1260448.0,3902.0,27384.0,65936.086,1432.5020000000002,,19116209.0,24.281999999999996,35.4,11.087,6.938,22767.037,1.3,127.993,8.46,34.2,41.5,,2.11,80.18,0.851
17076,CHN,Asia,China,2021-05-12,102671.0,11.0,4846.0,71.333,3.367,,1439323774.0,147.674,38.7,10.640999999999998,5.928999999999999,15308.712,0.7,261.899,9.74,1.9,48.4,,4.34,76.91,0.7609999999999999
17509,COL,South America,Colombia,2021-05-12,3048719.0,16993.0,79261.0,59916.395,1557.714,,50882884.0,44.223,32.2,7.646,4.312,13254.948999999999,4.5,124.24,7.44,4.7,13.5,65.38600000000001,1.71,77.29,0.767
17887,COM,Africa,Comoros,2021-05-12,3860.0,0.0,146.0,4438.848,167.894,,869595.0,437.352,20.4,2.963,1.726,1413.89,18.1,261.51599999999996,11.88,4.4,23.6,15.574000000000002,2.2,64.32,0.5539999999999999
18311,COG,Africa,Congo,2021-05-12,11343.0,0.0,148.0,2055.6020000000003,26.820999999999998,,5518092.0,15.405,19.0,3.4019999999999997,2.063,4881.406,37.0,344.094,7.2,1.7,52.3,47.964,,64.57,0.574
18744,CRI,North America,Costa Rica,2021-05-12,276887.0,3173.0,3482.0,54354.3,683.534,,5094114.0,96.079,33.6,9.468,5.694,15524.995,1.3,137.97299999999998,8.78,6.4,17.4,83.84100000000001,1.13,80.28,0.81
19172,CIV,Africa,Cote d'Ivoire,2021-05-12,46516.0,32.0,292.0,1763.421,11.07,,26378275.0,76.399,18.7,2.9330000000000003,1.5819999999999999,3601.006,28.2,303.74,2.42,,,19.351,,57.78,0.5379999999999999
19615,HRV,Europe,Croatia,2021-05-12,347094.0,1471.0,7589.0,84548.439,1848.6,,4105268.0,73.726,44.0,19.724,13.052999999999999,22669.797000000002,0.7,253.782,5.59,34.3,39.9,,5.54,78.49,0.851
20042,CUB,North America,Cuba,2021-05-12,119375.0,1207.0,768.0,10539.335,67.805,,11326616.0,110.40799999999999,43.1,14.738,9.719,,,190.968,8.27,17.1,53.3,85.198,5.2,78.8,0.7829999999999999
20086,CUW,North America,Curacao,2021-05-11,,,,,,,164100.0,362.644,41.7,16.367,10.068,,,,11.62,,,,,78.88,
20518,CYP,Europe,Cyprus,2021-05-12,70358.0,260.0,341.0,80326.613,389.314,,875899.0,127.65700000000001,37.3,13.415999999999999,8.562999999999999,32415.132,,141.171,9.24,19.6,52.7,,3.4,80.98,0.887
20956,CZE,Europe,Czechia,2021-05-12,1648667.0,1686.0,29787.0,153951.795,2781.4970000000003,,10708982.0,137.17600000000002,43.3,19.027,11.58,32605.906000000003,,227.485,6.82,30.5,38.3,,6.63,79.38,0.9
21384,COD,Africa,Democratic Republic of Congo,2021-05-12,30429.0,37.0,775.0,339.756,8.652999999999999,,89561404.0,35.879,17.0,3.02,1.745,808.133,77.1,318.949,6.1,,,4.4719999999999995,,60.68,0.48
21850,DNK,Europe,Denmark,2021-05-12,262859.0,1246.0,2500.0,45381.524000000005,431.615,,5792203.0,136.52,42.3,19.677,12.325,46682.515,0.2,114.76700000000001,6.41,19.3,18.8,,2.5,80.9,0.94
22271,DJI,Africa,Djibouti,2021-05-12,11389.0,20.0,151.0,11527.305,152.834,,988002.0,41.285,25.4,4.213,2.38,2705.406,22.5,258.03700000000003,6.05,1.7,24.5,,1.4,67.11,0.524
22688,DMA,North America,Dominica,2021-05-12,175.0,0.0,,2430.859,,,71991.0,98.56700000000001,,,,9673.367,,227.37599999999998,11.62,,,,3.8,75.0,0.742
23126,DOM,North America,Dominican Republic,2021-05-12,273497.0,688.0,3554.0,25211.967,327.621,,10847904.0,222.873,27.6,6.981,4.419,14600.861,1.6,266.653,8.2,8.5,19.1,55.181999999999995,1.6,74.08,0.7559999999999999
23564,ECU,South America,Ecuador,2021-05-12,404632.0,2037.0,19349.0,22934.343999999997,1096.692,,17643060.0,66.939,28.1,7.104,4.458,10581.936000000002,3.6,140.44799999999998,5.55,2.0,12.3,80.635,1.5,77.01,0.759
24018,EGY,Africa,Egypt,2021-05-12,240927.0,1187.0,14091.0,2354.311,137.696,,102334403.0,97.999,25.3,5.159,2.891,10550.206,1.3,525.432,17.31,0.2,50.1,89.82700000000001,1.6,71.99,0.7070000000000001
24438,SLV,North America,El Salvador,2021-05-12,70915.0,535.0,2168.0,10933.21,334.24800000000005,,6486201.0,307.811,27.6,8.273,5.417000000000001,7292.4580000000005,2.2,167.295,8.87,2.5,18.8,90.65,1.3,73.32,0.6729999999999999
24862,GNQ,Africa,Equatorial Guinea,2021-05-12,7694.0,0.0,112.0,5484.022,79.83,,1402985.0,45.193999999999996,22.4,2.846,1.7519999999999998,22604.873,,202.812,7.78,,,24.64,2.1,58.74,0.5920000000000001
25280,ERI,Africa,Eritrea,2021-05-12,3822.0,4.0,12.0,1077.704,3.384,,3546427.0,44.303999999999995,19.3,3.6069999999999998,2.171,1510.4589999999998,,311.11,6.05,0.2,11.4,,0.7,66.32,0.45899999999999996
25743,EST,Europe,Estonia,2021-05-12,126064.0,368.0,1210.0,95032.261,912.148,,1326539.0,31.033,42.7,19.452,13.491,29481.252,0.5,255.56900000000002,4.02,24.5,39.3,,4.69,78.74,0.892
26168,SWZ,Africa,Eswatini,2021-05-12,18492.0,5.0,671.0,15939.126,578.367,,1160164.0,79.492,21.5,3.1630000000000003,1.845,7738.975,,333.436,3.94,1.7,16.5,24.096999999999998,2.1,60.19,0.611
26594,ETH,Africa,Ethiopia,2021-05-12,264367.0,695.0,3938.0,2299.572,34.254,,114963583.0,104.95700000000001,19.8,3.5260000000000002,2.063,1729.9270000000001,26.7,182.63400000000001,7.47,0.4,8.5,7.96,0.3,66.6,0.485
27070,OWID_EUR,,Europe,2021-05-12,46046017.0,98176.0,1044424.0,61502.929000000004,1395.02,,748680069.0,,,,,,,,,,,,,,
27546,OWID_EUN,,European Union,2021-05-12,31707490.0,78203.0,707830.0,71265.74900000001,1590.9189999999999,,444919060.0,,,,,,,,,,,,,,
27649,FRO,Europe,Faeroe Islands,2021-05-11,,,,,,,48865.0,35.308,,,,,,,,,,,,80.67,
27716,FLK,South America,Falkland Islands,2021-04-14,,,,,,,3483.0,,,,,,,,,,,,,81.44,
28185,FJI,Oceania,Fiji,2021-05-12,161.0,9.0,3.0,179.59900000000002,3.347,,896444.0,49.562,28.6,6.224,3.284,8702.975,1.4,412.82,14.49,10.2,34.8,,2.3,67.44,0.743
28655,FIN,Europe,Finland,2021-05-12,89270.0,280.0,930.0,16111.63,167.84799999999998,,5540718.0,18.136,42.8,21.228,13.264000000000001,40585.721,,153.507,5.76,18.3,22.6,,3.28,81.91,0.938
29130,FRA,Europe,France,2021-05-12,5882882.0,21498.0,107280.0,87070.927,1587.8220000000001,,67564251.0,122.57799999999999,42.0,19.718,13.079,38605.671,,86.06,4.77,30.1,35.6,,5.98,82.66,0.9009999999999999
29229,PYF,Oceania,French Polynesia,2021-05-11,,,,,,,280904.0,77.324,32.7,7.775,4.593,,,,22.63,,,,,77.66,
29654,GAB,Africa,Gabon,2021-05-12,23734.0,169.0,143.0,10663.476999999999,64.249,,2225728.0,7.859,23.1,4.45,2.9760000000000004,16562.413,3.4,259.967,7.2,,,,6.3,66.47,0.703
30076,GMB,Africa,Gambia,2021-05-12,5934.0,0.0,175.0,2455.451,72.414,,2416664.0,207.56599999999997,17.5,2.339,1.4169999999999998,1561.767,10.1,331.43,1.91,0.7,31.2,7.876,1.1,62.05,0.496
30518,GEO,Asia,Georgia,2021-05-12,325665.0,1409.0,4363.0,81637.181,1093.71,,3989175.0,65.032,38.7,14.864,10.244000000000002,9745.079,4.2,496.218,7.11,5.3,55.5,,2.6,73.77,0.812
30990,DEU,Europe,Germany,2021-05-12,3564494.0,6590.0,85451.0,42543.879,1019.8969999999999,,83783945.0,237.016,46.6,21.453000000000003,15.957,45229.245,,156.139,8.31,28.2,33.1,,8.0,81.33,0.9470000000000001
31415,GHA,Africa,Ghana,2021-05-12,93125.0,114.0,783.0,2996.98,25.199,,31072945.0,126.719,21.1,3.385,1.9480000000000002,4227.63,12.0,298.245,4.97,0.3,7.7,41.047,0.9,64.07,0.611
31534,GIB,Europe,Gibraltar,2021-05-08,,,,,,,33691.0,3457.1,,,,,,,,,,,,79.93,
31976,GRC,Europe,Greece,2021-05-12,369554.0,2478.0,11211.0,35455.436,1075.596,,10423056.0,83.479,45.3,20.396,14.524000000000001,24574.382,1.5,175.695,4.55,35.3,52.0,,4.21,82.24,0.888
32081,GRL,North America,Greenland,2021-05-11,,,,,,,56772.0,0.13699999999999998,,,,,,199.94099999999997,2.16,,,,,71.7,
32498,GRD,North America,Grenada,2021-05-12,161.0,1.0,1.0,1430.869,8.887,,112519.0,317.132,29.4,7.303999999999999,5.021,13593.877,,243.96400000000003,10.71,,,,3.7,72.4,0.779
32949,GTM,North America,Guatemala,2021-05-12,237682.0,1416.0,7815.0,13266.786,436.213,,17915567.0,157.834,22.9,4.694,3.016,7423.808000000001,8.7,155.898,10.18,,,76.665,0.6,74.3,0.6629999999999999
33037,GGY,Europe,Guernsey,2021-04-21,,,,,,,67052.0,,,,,,,,,,,,,,
33463,GIN,Africa,Guinea,2021-05-12,22719.0,0.0,151.0,1729.944,11.498,,13132792.0,51.755,19.0,3.135,1.733,1998.9260000000002,35.3,336.717,2.42,,,17.45,0.3,61.6,0.47700000000000004
33877,GNB,Africa,Guinea-Bissau,2021-05-12,3741.0,0.0,67.0,1900.9170000000001,34.045,,1967998.0,66.191,19.4,3.002,1.565,1548.675,67.1,382.474,2.42,,,6.403,,58.32,0.48
34304,GUY,South America,Guyana,2021-05-12,14659.0,128.0,331.0,18636.873,420.82,,786559.0,3.952,26.3,5.305,2.8369999999999997,7435.047,,373.159,11.62,,,77.15899999999999,1.6,69.91,0.682
34723,HTI,North America,Haiti,2021-05-12,13227.0,48.0,266.0,1160.005,23.328000000000003,,11402533.0,398.44800000000004,24.3,4.8,2.9539999999999997,1653.1729999999998,23.5,430.548,6.65,2.9,23.1,22.863000000000003,0.7,64.0,0.51
35151,HND,North America,Honduras,2021-05-12,222992.0,874.0,5853.0,22513.965,590.937,,9904608.0,82.805,24.9,4.652,2.883,4541.795,16.0,240.208,7.21,2.0,,84.169,0.7,75.27,0.634
35302,HKG,Asia,Hong Kong,2021-05-11,,,,,,71.3,7496988.0,7039.714,44.8,16.303,10.158,56054.92,,,8.33,,,,,84.86,0.9490000000000001
35738,HUN,Europe,Hungary,2021-05-12,793784.0,905.0,28888.0,82169.28,2990.368,,9660350.0,108.04299999999999,43.4,18.577,11.975999999999999,26777.561,0.5,278.296,7.55,26.8,34.8,,7.02,76.88,0.8540000000000001
36179,ISL,Europe,Iceland,2021-05-12,6526.0,4.0,29.0,19123.81,84.98200000000001,,341250.0,3.404,37.3,14.431,9.207,46482.958,0.2,117.992,5.31,14.3,15.2,,2.91,82.99,0.9490000000000001
36648,IND,Asia,India,2021-05-12,23703665.0,362727.0,258317.0,17176.514,187.18599999999998,,1380004385.0,450.41900000000004,28.2,5.989,3.4139999999999997,6426.674,21.2,282.28,10.39,1.9,20.6,59.55,0.53,69.66,0.645
37085,IDN,Asia,Indonesia,2021-05-12,1728204.0,4608.0,47617.0,6318.299,174.08700000000002,,273523621.0,145.725,29.3,5.319,3.053,11188.743999999999,5.7,342.86400000000003,6.32,2.8,76.1,64.204,1.04,71.72,0.718
37546,OWID_INT,,International,2021-05-12,721.0,0.0,15.0,,,,,,,,,,,,,,,,,,
37995,IRN,Asia,Iran,2021-05-12,2707761.0,16409.0,75934.0,32237.955,904.052,,83992953.0,49.831,32.4,5.44,3.182,19082.62,0.2,270.308,9.59,0.8,21.1,,1.5,76.68,0.7829999999999999
38439,IRQ,Asia,Iraq,2021-05-12,1127580.0,4666.0,15855.0,28033.561,394.18199999999996,,40222503.0,88.125,20.0,3.1860000000000004,1.9569999999999999,15663.986,2.5,218.612,8.83,,,94.57600000000001,1.4,70.6,0.674
38882,IRL,Europe,Ireland,2021-05-12,254013.0,446.0,4937.0,51442.587,999.8389999999999,,4937796.0,69.874,38.7,13.927999999999999,8.677999999999999,67335.293,0.2,126.459,3.28,23.0,25.7,,2.96,82.3,0.955
38993,IMN,Europe,Isle of Man,2021-05-11,,,,,,,85032.0,147.872,,,,,,,,,,,,81.4,
39441,ISR,Asia,Israel,2021-05-12,839030.0,30.0,6379.0,96935.59300000001,736.985,,8655541.0,402.606,30.6,11.732999999999999,7.359,33132.32,0.5,93.32,6.74,15.4,35.4,,2.99,82.97,0.919
39909,ITA,Europe,Italy,2021-05-12,4131078.0,7848.0,123544.0,68325.39,2043.339,,60461828.0,205.859,47.9,23.021,16.24,35220.084,2.0,113.15100000000001,4.78,19.8,27.8,,3.18,83.51,0.892
40337,JAM,North America,Jamaica,2021-05-12,46922.0,101.0,820.0,15845.812,276.918,,2961161.0,266.879,31.4,9.684,6.39,8193.571,,206.537,11.28,5.3,28.6,66.425,1.7,74.47,0.7340000000000001
40814,JPN,Asia,Japan,2021-05-12,660884.0,7521.0,11148.0,5225.352,88.14299999999999,,126476458.0,347.778,48.2,27.049,18.493,39002.223,,79.37,5.72,11.2,33.7,,13.05,84.63,0.919
40864,JEY,Europe,Jersey,2021-05-02,,,,,,,101073.0,,,,,,,,,,,,,,
41300,JOR,Asia,Jordan,2021-05-12,721853.0,0.0,9151.0,70748.12299999999,896.8810000000001,,10203140.0,109.285,23.2,3.81,2.3609999999999998,8337.49,0.1,208.257,11.75,,,,1.4,74.53,0.7290000000000001
41726,KAZ,Asia,Kazakhstan,2021-05-12,404348.0,2456.0,3387.0,21534.553,180.38299999999998,,18776707.0,6.681,30.6,6.9910000000000005,4.625,24055.588,0.1,466.792,7.11,7.0,43.1,98.999,6.7,73.6,0.825
42159,KEN,Africa,Kenya,2021-05-12,164386.0,410.0,2950.0,3057.133,54.861999999999995,,53771300.0,87.324,20.0,2.6860000000000004,1.528,2993.028,36.8,218.637,2.92,1.2,20.4,24.651,1.4,66.7,0.601
42584,OWID_KOS,Europe,Kosovo,2021-05-12,106243.0,113.0,2222.0,54969.179000000004,1149.643,,1932774.0,168.155,,,,9795.834,0.6,,,,,,,,
43028,KWT,Asia,Kuwait,2021-05-12,288184.0,985.0,1669.0,67481.50099999999,390.815,,4270563.0,232.128,33.7,2.345,1.114,65530.537000000004,,132.235,15.84,2.7,37.0,,2.0,75.49,0.8059999999999999
43449,KGZ,Asia,Kyrgyzstan,2021-05-12,99316.0,283.0,1675.0,15222.73,256.737,,6524191.0,32.333,26.3,4.489,2.8819999999999997,3393.474,1.4,436.36199999999997,7.11,3.6,50.5,89.22,4.5,71.45,0.6970000000000001
43864,LAO,Asia,Laos,2021-05-12,1417.0,55.0,1.0,194.762,0.13699999999999998,,7275556.0,29.715,24.4,4.029,2.322,6397.36,22.7,368.111,4.0,7.3,51.2,49.839,1.5,67.92,0.613
44307,LVA,Europe,Latvia,2021-05-12,125689.0,729.0,2223.0,66636.023,1178.559,,1886202.0,31.212,43.9,19.754,14.136,25063.846,0.7,350.06,4.91,25.6,51.0,,5.57,75.29,0.866
44754,LBN,Asia,Lebanon,2021-05-12,534388.0,703.0,7549.0,78293.538,1106.009,,6825442.0,594.561,31.1,8.514,5.43,13367.565,,266.591,12.71,26.9,40.7,,2.9,78.93,0.7440000000000001
45119,LSO,Africa,Lesotho,2021-05-12,10774.0,1.0,319.0,5029.287,148.909,,2142252.0,73.562,22.2,4.506,2.647,2851.153,59.6,405.126,3.94,0.4,53.9,2.117,,54.33,0.527
45542,LBR,Africa,Liberia,2021-05-12,2114.0,0.0,85.0,417.978,16.805999999999997,,5057677.0,49.126999999999995,19.2,3.057,1.756,752.788,38.6,272.509,2.42,1.5,18.1,1.188,0.8,64.1,0.48
45977,LBY,Africa,Libya,2021-05-12,180945.0,253.0,3082.0,26333.495,448.533,,6871287.0,3.623,29.0,4.4239999999999995,2.8160000000000003,17881.509,,341.86199999999997,10.43,,,,3.7,72.91,0.7240000000000001
46412,LIE,Europe,Liechtenstein,2021-05-12,2978.0,3.0,58.0,78086.897,1520.8329999999999,,38137.0,237.012,,,,,,,7.77,,,,2.397,82.49,0.919
46851,LTU,Europe,Lithuania,2021-05-12,261128.0,1266.0,4059.0,95922.148,1491.024,,2722291.0,45.135,43.5,19.002,13.777999999999999,29524.265,0.7,342.98900000000003,3.67,21.3,38.0,,6.56,75.93,0.882
47295,LUX,Europe,Luxembourg,2021-05-12,68748.0,196.0,806.0,109825.29699999999,1287.589,,625976.0,231.447,39.7,14.312000000000001,9.842,94277.965,0.2,128.275,4.42,20.9,26.0,,4.51,82.25,0.9159999999999999
47388,MAC,Asia,Macao,2021-05-11,,,,,,,649342.0,20546.766,39.2,9.798,4.9910000000000005,104861.851,,,,,,,,84.24,
47807,MDG,Africa,Madagascar,2021-05-12,39510.0,159.0,738.0,1426.816,26.651,,27691019.0,43.951,19.6,2.929,1.686,1416.44,77.6,405.994,3.94,,,50.54,0.2,67.04,0.528
48217,MWI,Africa,Malawi,2021-05-12,34183.0,0.0,1153.0,1786.8829999999998,60.272,,19129955.0,197.519,18.1,2.9789999999999996,1.7830000000000001,1095.042,71.4,227.34900000000002,3.94,4.4,24.7,8.704,1.3,64.26,0.483
48691,MYS,Asia,Malaysia,2021-05-12,453222.0,4765.0,1761.0,14003.028999999999,54.409,,32365998.0,96.25399999999999,29.9,6.292999999999999,3.407,26808.164,0.1,260.942,16.74,1.0,42.4,,1.9,76.16,0.81
49122,MDV,Asia,Maldives,2021-05-12,40092.0,1572.0,87.0,74170.0,160.95,,540542.0,1454.433,30.6,4.12,2.875,15183.616000000002,,164.905,9.19,2.1,55.0,95.803,,78.92,0.74
49536,MLI,Africa,Mali,2021-05-12,14149.0,16.0,507.0,698.687,25.035999999999998,,20250834.0,15.196,16.4,2.519,1.486,2014.306,,268.024,2.42,1.6,23.0,52.232,0.1,59.31,0.434
49998,MLT,Europe,Malta,2021-05-12,30469.0,5.0,417.0,69006.36200000001,944.424,,441539.0,1454.037,42.4,19.426,11.324000000000002,36513.323,0.2,168.71099999999998,8.83,20.9,30.2,,4.485,82.53,0.895
50195,MHL,Oceania,Marshall Islands,2021-05-12,4.0,0.0,,67.574,,,59194.0,295.15,,,,3819.202,,557.793,30.53,,,82.50200000000001,2.7,73.7,0.7040000000000001
50620,MRT,Africa,Mauritania,2021-05-12,18745.0,54.0,457.0,4031.478,98.287,,4649660.0,4.289,20.3,3.138,1.7919999999999998,3597.633,6.0,232.347,2.42,,,15.95,,64.92,0.546
51041,MUS,Africa,Mauritius,2021-05-12,1266.0,9.0,17.0,995.465,13.367,,1271767.0,622.962,37.4,10.945,5.8839999999999995,20292.745,0.5,224.644,22.02,3.2,40.7,,3.4,74.99,0.804
51539,MEX,North America,Mexico,2021-05-12,2371483.0,3090.0,219590.0,18393.177,1703.136,,128932753.0,66.444,29.3,6.857,4.321000000000001,17336.468999999997,2.5,152.783,13.06,6.9,21.4,87.84700000000001,1.38,75.05,0.779
51651,FSM,Oceania,Micronesia (country),2021-05-12,1.0,0.0,,8.693999999999999,,,115021.0,150.77700000000002,23.0,4.81,2.392,3299.4640000000004,16.0,454.343,12.02,,,,,67.88,0.62
52082,MDA,Europe,Moldova,2021-05-12,253173.0,224.0,5981.0,62760.367,1482.661,,4033963.0,123.655,37.6,10.864,6.955,5189.972,0.2,408.50199999999995,5.72,5.9,44.6,86.979,5.8,71.9,0.75
52521,MCO,Europe,Monaco,2021-05-12,2487.0,1.0,32.0,63372.745,815.4110000000001,,39244.0,19347.5,,,,,,,5.46,,,,13.8,86.75,
52950,MNG,Asia,Mongolia,2021-05-12,47033.0,585.0,193.0,14346.8,58.872,,3278292.0,1.98,28.6,4.031000000000001,2.421,11840.846000000001,0.5,460.043,4.82,5.5,46.5,71.18,7.0,69.87,0.737
53372,MNE,Europe,Montenegro,2021-05-12,98546.0,97.0,1548.0,156904.892,2464.725,,628062.0,46.28,39.1,14.762,9.395,16409.288,1.0,387.305,10.08,44.0,47.9,,3.861,76.88,0.8290000000000001
53445,MSR,North America,Montserrat,2021-04-21,,,,,,,4999.0,,,,,,,,,,,,,74.16,
53906,MAR,Africa,Morocco,2021-05-12,514432.0,268.0,9088.0,13937.258999999998,246.217,,36910558.0,80.08,29.6,6.769,4.209,7485.013000000001,1.0,419.14599999999996,7.14,0.8,47.1,,1.1,76.68,0.6859999999999999
54323,MOZ,Africa,Mozambique,2021-05-12,70287.0,20.0,826.0,2248.7929999999997,26.427,,31255435.0,37.728,17.7,3.158,1.87,1136.103,62.9,329.94199999999995,3.3,5.1,29.1,12.227,0.7,60.85,0.456
54735,MMR,Asia,Myanmar,2021-05-12,142997.0,23.0,3211.0,2628.1479999999997,59.015,,54409794.0,81.721,29.1,5.732,3.12,5591.597,6.4,202.104,4.61,6.3,35.2,79.28699999999999,0.9,67.13,0.583
55160,NAM,Africa,Namibia,2021-05-12,50515.0,214.0,702.0,19880.626,276.278,,2540916.0,3.0780000000000003,22.0,3.552,2.085,9541.808,13.4,243.81099999999998,3.94,9.7,34.2,44.6,,63.71,0.6459999999999999
55183,NRU,Oceania,Nauru,2021-04-30,,,,,,,10834.0,682.45,,,,12895.635,,,24.07,43.0,36.9,,5.0,59.96,
55657,NPL,Asia,Nepal,2021-05-12,422349.0,9238.0,4252.0,14495.376,145.93200000000002,,29136808.0,204.43,25.0,5.809,3.2119999999999997,2442.804,15.0,260.797,7.26,9.5,37.8,47.782,0.3,70.78,0.602
56098,NLD,Europe,Netherlands,2021-05-12,1604659.0,6379.0,17664.0,93648.724,1030.88,,17134873.0,508.54400000000004,43.2,18.779,11.880999999999998,48472.545,,109.361,5.29,24.4,27.3,,3.32,82.28,0.9440000000000001
56197,NCL,Oceania,New Caledonia,2021-05-11,,,,,,,285491.0,15.342,33.4,9.954,6.489,,,,23.36,,,,,77.55,
56637,NZL,Oceania,New Zealand,2021-05-12,2644.0,1.0,26.0,548.294,5.392,,4822233.0,18.206,37.9,15.322000000000001,9.72,36085.843,,128.797,8.08,14.8,17.2,,2.61,82.29,0.9309999999999999
57057,NIC,North America,Nicaragua,2021-05-12,7086.0,0.0,184.0,1069.657,27.775,,6624554.0,51.667,27.3,5.445,3.5189999999999997,5321.444,3.2,137.016,11.47,,,,0.9,74.48,0.66
57476,NER,Africa,Niger,2021-05-12,5325.0,1.0,192.0,219.981,7.932,,24206636.0,16.955,15.1,2.553,1.3780000000000001,926.0,44.5,238.33900000000003,2.42,0.1,15.4,8.978,0.3,62.42,0.39399999999999996
57916,NGA,Africa,Nigeria,2021-05-12,165559.0,44.0,2066.0,803.14,10.022,,206139587.0,209.588,18.1,2.7510000000000003,1.4469999999999998,5338.454000000001,,181.013,2.42,0.6,10.8,41.949,,54.69,0.539
58393,OWID_NAM,,North America,2021-05-12,38188150.0,54475.0,860163.0,64499.143,1452.8010000000002,,592072204.0,,,,,,,,,,,,,,
58835,MKD,Europe,North Macedonia,2021-05-12,154372.0,150.0,5151.0,74096.9,2472.425,,2083380.0,82.6,39.1,13.26,8.16,13111.214,5.0,322.688,10.08,,,,4.28,75.8,0.774
58953,OWID_CYN,Asia,Northern Cyprus,2021-05-11,,,,,,,,,,,,,,,,,,,,,
59396,NOR,Europe,Norway,2021-05-12,117995.0,500.0,774.0,21765.307999999997,142.77200000000002,,5421242.0,14.462,39.7,16.820999999999998,10.812999999999999,64800.057,0.2,114.316,5.31,19.6,20.7,,3.6,82.4,0.9570000000000001
59870,OWID_OCE,,Oceania,2021-05-12,45789.0,523.0,1070.0,1072.9,25.072,,42677809.0,,,,,,,,,,,,,,
60314,OMN,Asia,Oman,2021-05-12,202713.0,0.0,2148.0,39696.104,420.63,,5106622.0,14.98,30.7,2.355,1.53,37960.709,,266.342,12.61,0.5,15.6,97.4,1.6,77.86,0.813
60757,PAK,Asia,Pakistan,2021-05-12,870703.0,3265.0,19336.0,3941.7529999999997,87.536,,220892331.0,255.57299999999998,23.5,4.495,2.78,5034.708,4.0,423.031,8.35,2.8,36.7,59.607,0.6,67.27,0.557
61191,PSE,Asia,Palestine,2021-05-12,303270.0,493.0,3401.0,59448.2,666.678,,5101416.0,778.202,20.4,3.043,1.726,4449.898,1.0,265.91,10.59,,,,,74.05,0.708
61621,PAN,North America,Panama,2021-05-12,368930.0,562.0,6285.0,85504.01800000001,1456.625,,4314768.0,55.133,29.7,7.917999999999999,5.03,22267.037,2.2,128.346,8.33,2.4,9.9,,2.3,78.51,0.815
62040,PNG,Oceania,Papua New Guinea,2021-05-12,12997.0,504.0,130.0,1452.661,14.53,,8947027.0,18.22,22.6,3.8080000000000003,2.142,3823.1940000000004,,561.494,17.65,23.5,48.8,,,64.5,0.555
62472,PRY,South America,Paraguay,2021-05-12,304889.0,2828.0,7358.0,42746.263,1031.612,,7132530.0,17.144000000000002,26.5,6.377999999999999,3.833,8827.01,1.7,199.128,8.27,5.0,21.6,79.602,1.3,74.25,0.728
62965,PER,South America,Peru,2021-05-12,1865639.0,12269.0,64898.0,56582.789000000004,1968.285,,32971846.0,25.129,29.1,7.151,4.455,12236.706,3.5,85.755,5.95,4.8,,,1.6,76.74,0.777
63434,PHL,Asia,Philippines,2021-05-12,1118359.0,4812.0,18714.0,10205.767,170.778,,109581085.0,351.87300000000005,25.2,4.803,2.661,7599.188,,370.43699999999995,7.07,7.8,40.8,78.46300000000001,1.0,71.23,0.718
63869,POL,Europe,Poland,2021-05-12,2842339.0,4159.0,70679.0,75101.558,1867.5120000000002,,37846605.0,124.027,41.8,16.762999999999998,10.202,27216.445,,227.331,5.91,23.3,33.1,,6.62,78.73,0.88
64311,PRT,Europe,Portugal,2021-05-12,840493.0,485.0,16998.0,82427.886,1667.009,,10196707.0,112.37100000000001,46.2,21.502,14.924000000000001,27936.896,0.5,127.84200000000001,9.85,16.3,30.0,,3.39,82.05,0.8640000000000001
64750,QAT,Asia,Qatar,2021-05-12,212124.0,392.0,519.0,73627.068,180.142,,2881060.0,227.322,31.9,1.307,0.617,116935.6,,176.69,16.52,0.8,26.9,,1.2,80.23,0.848
65192,ROU,Europe,Romania,2021-05-12,1068817.0,930.0,29233.0,55558.513,1519.57,,19237682.0,85.12899999999999,43.0,17.85,11.69,23313.199,5.7,370.94599999999997,9.74,22.9,37.1,,6.892,76.05,0.828
65660,RUS,Europe,Russia,2021-05-12,4849044.0,8096.0,112410.0,33227.546,770.2769999999999,,145934460.0,8.823,39.6,14.177999999999999,9.392999999999999,24765.953999999998,0.1,431.29699999999997,6.18,23.4,58.3,,8.05,72.58,0.8240000000000001
66085,RWA,Africa,Rwanda,2021-05-12,25846.0,73.0,340.0,1995.49,26.25,,12952209.0,494.869,20.3,2.9739999999999998,1.642,1854.211,56.0,191.375,4.28,4.7,21.0,4.617,,69.02,0.5429999999999999
66151,SHN,Africa,Saint Helena,2021-04-09,,,,,,,6071.0,,,,,,,,,,,,,80.56,
66565,KNA,North America,Saint Kitts and Nevis,2021-05-12,45.0,0.0,,845.992,,,53192.0,212.865,,,,24654.385,,,12.84,,,,2.3,76.23,0.779
66990,LCA,North America,Saint Lucia,2021-05-12,4725.0,25.0,75.0,25731.23,408.43199999999996,,183629.0,293.187,34.9,9.721,6.405,12951.839,,204.62,11.62,,,87.20200000000001,1.3,76.2,0.759
67415,VCT,North America,Saint Vincent and the Grenadines,2021-05-12,1926.0,4.0,12.0,17359.64,108.16,,110947.0,281.78700000000003,31.8,7.724,4.832,10727.146,,252.675,11.62,,,,2.6,72.53,0.738
67591,WSM,Oceania,Samoa,2021-05-12,3.0,0.0,,15.12,,,198410.0,69.413,22.0,5.606,3.5639999999999996,6021.557,,348.977,9.21,16.7,38.1,,,73.32,0.715
68032,SMR,Europe,San Marino,2021-05-12,5083.0,0.0,90.0,149773.116,2651.895,,33938.0,556.6669999999999,,,,56861.47,,,5.64,,,,3.8,84.97,
68434,STP,Africa,Sao Tome and Principe,2021-05-12,2320.0,0.0,35.0,10585.825,159.7,,219161.0,212.84099999999998,18.7,2.886,2.162,3052.7140000000004,32.3,270.113,2.42,,,41.34,2.9,70.39,0.625
68871,SAU,Asia,Saudi Arabia,2021-05-12,429389.0,1020.0,7111.0,12333.85,204.25799999999998,,34813867.0,15.322000000000001,31.9,3.295,1.845,49045.41099999999,,259.538,17.72,1.8,25.4,,2.7,75.13,0.8540000000000001
69311,SEN,Africa,Senegal,2021-05-12,40762.0,33.0,1121.0,2434.4339999999997,66.95,,16743930.0,82.32799999999999,18.7,3.008,1.796,2470.58,38.0,241.21900000000002,2.42,0.4,16.6,20.859,,67.94,0.512
69753,SRB,Europe,Serbia,2021-05-12,703497.0,1046.0,6611.0,103385.565,971.549,,6804596.0,80.291,41.2,17.366,,14048.881000000001,,439.415,10.08,37.7,40.2,97.719,5.609,76.0,0.8059999999999999
70178,SYC,Africa,Seychelles,2021-05-12,8172.0,0.0,28.0,83099.451,284.726,,98340.0,208.354,36.2,8.606,5.586,26382.287,1.1,242.648,10.55,7.1,35.7,,3.6,73.4,0.7959999999999999
70586,SLE,Africa,Sierra Leone,2021-05-12,4089.0,0.0,79.0,512.6,9.902999999999999,,7976985.0,104.7,19.1,2.5380000000000003,1.285,1390.3,52.2,325.721,2.42,8.8,41.3,19.275,,54.7,0.452
71062,SGP,Asia,Singapore,2021-05-12,61419.0,16.0,31.0,10498.358999999999,5.2989999999999995,,5850343.0,7915.731,42.4,12.922,7.0489999999999995,85535.383,,92.243,10.99,5.2,28.3,,2.4,83.62,0.938
71495,SVK,Europe,Slovakia,2021-05-12,386540.0,404.0,12096.0,70799.50099999999,2215.529,,5459643.0,113.12799999999999,41.2,15.07,9.167,30155.152000000002,0.7,287.959,7.29,23.1,37.7,,5.82,77.54,0.86
71961,SVN,Europe,Slovenia,2021-05-12,247449.0,724.0,4304.0,119026.981,2070.294,,2078932.0,102.619,44.5,19.062,12.93,31400.84,,153.493,7.25,20.1,25.0,,4.5,81.32,0.917
72174,SLB,Oceania,Solomon Islands,2021-05-12,20.0,0.0,,29.116999999999997,,,686878.0,21.840999999999998,20.8,3.5069999999999997,2.043,2205.923,25.1,459.78,18.68,,,35.89,1.4,73.0,0.5670000000000001
72597,SOM,Africa,Somalia,2021-05-12,14486.0,0.0,753.0,911.4580000000001,47.379,,15893219.0,23.5,16.8,2.7310000000000003,1.496,,,365.769,6.05,,,9.831,0.9,57.4,
73058,ZAF,Africa,South Africa,2021-05-12,1602031.0,2759.0,54968.0,27011.741,926.812,,59308690.0,46.754,27.3,5.343999999999999,3.053,12294.876,18.9,200.38,5.52,8.1,33.2,43.993,2.32,64.13,0.7090000000000001
73504,OWID_SAM,,South America,2021-05-12,26247010.0,144901.0,714539.0,60931.897000000004,1658.7879999999998,,430759772.0,,,,,,,,,,,,,,
73982,KOR,Asia,South Korea,2021-05-12,129633.0,715.0,1891.0,2528.478,36.884,,51269183.0,527.967,43.4,13.914000000000001,8.622,35938.373999999996,0.2,85.99799999999999,6.8,6.2,40.9,,12.27,83.03,0.9159999999999999
74385,SSD,Africa,South Sudan,2021-05-12,10641.0,0.0,115.0,950.622,10.274000000000001,,11193729.0,,19.2,3.4410000000000003,2.032,1569.888,,280.775,10.43,,,,,57.85,0.433
74852,ESP,Europe,Spain,2021-05-12,3592751.0,6418.0,79208.0,76842.427,1694.115,,46754783.0,93.105,45.5,19.436,13.799000000000001,34272.36,1.0,99.40299999999999,7.17,27.4,31.4,,2.97,83.56,0.904
75324,LKA,Asia,Sri Lanka,2021-05-12,133527.0,2429.0,850.0,6235.719,39.695,,21413250.0,341.955,34.1,10.068999999999999,5.331,11669.077,0.7,197.093,10.68,0.3,27.0,,3.6,76.98,0.782
75751,SDN,Africa,Sudan,2021-05-12,34889.0,0.0,2446.0,795.658,55.782,,43849269.0,23.258000000000003,19.7,3.548,2.0340000000000003,4466.5070000000005,,431.38800000000003,15.67,,,23.436999999999998,0.8,65.31,0.51
76176,SUR,South America,Suriname,2021-05-12,11427.0,121.0,220.0,19478.926,375.02099999999996,,586634.0,3.612,29.6,6.933,4.229,13767.118999999999,,258.314,12.54,7.4,42.9,67.779,3.1,71.68,0.738
76643,SWE,Europe,Sweden,2021-05-12,1027934.0,6330.0,14267.0,101783.0,1412.6760000000002,,10099270.0,24.718000000000004,41.0,19.985,13.433,46949.282999999996,0.5,133.982,4.79,18.8,18.9,,2.22,82.8,0.945
77086,CHE,Europe,Switzerland,2021-05-12,677210.0,1539.0,10725.0,78248.399,1239.223,,8654618.0,214.243,43.1,18.436,12.644,57410.166,,99.73899999999999,5.59,22.6,28.9,,4.53,83.78,0.955
77503,SYR,Asia,Syria,2021-05-12,23543.0,53.0,1676.0,1345.264,95.76799999999999,,17500657.0,,21.7,,2.577,,,376.264,,,,70.598,1.5,72.7,0.5670000000000001
77986,TWN,Asia,Taiwan,2021-05-12,1231.0,21.0,12.0,51.68600000000001,0.504,,23816775.0,,42.2,,8.353,,,103.95700000000001,,,,,,80.46,
78364,TJK,Asia,Tajikistan,2021-05-12,13308.0,0.0,90.0,1395.3129999999999,9.436,,9537642.0,64.281,23.3,3.466,2.155,2896.913,4.8,427.69800000000004,7.11,,,72.704,4.8,71.1,0.6679999999999999
78787,TZA,Africa,Tanzania,2021-05-12,509.0,0.0,21.0,8.521,0.35200000000000004,,59734213.0,64.699,17.7,3.108,1.874,2683.304,49.1,217.28799999999998,5.75,3.3,26.7,47.953,0.7,65.46,0.529
79282,THA,Asia,Thailand,2021-05-12,88907.0,1983.0,486.0,1273.74,6.962999999999999,,69799978.0,135.132,40.1,11.373,6.89,16277.671,0.1,109.861,7.04,1.9,38.8,90.67,2.1,77.15,0.777
79699,TLS,Asia,Timor,2021-05-12,3626.0,133.0,5.0,2750.216,3.792,,1318442.0,87.176,18.0,3.556,1.8969999999999998,6570.102,30.3,335.346,6.86,6.3,78.1,28.178,5.9,69.5,0.606
80134,TGO,Africa,Togo,2021-05-12,13210.0,43.0,125.0,1595.654,15.099,,8278737.0,143.366,19.4,2.839,1.525,1429.8129999999999,49.2,280.033,6.15,0.9,14.2,10.475,0.7,61.04,0.515
80156,TON,Oceania,Tonga,2021-05-11,,,,,,,105697.0,150.028,22.3,5.82,4.032,5425.621,,227.49,15.42,11.8,44.4,,2.6,70.91,0.725
80581,TTO,North America,Trinidad and Tobago,2021-05-12,14417.0,615.0,235.0,10301.603000000001,167.918,,1399491.0,266.88599999999997,36.2,10.014,5.819,28763.071,,228.467,10.97,,,89.443,3.0,73.51,0.7959999999999999
81016,TUN,Africa,Tunisia,2021-05-12,324103.0,1105.0,11637.0,27423.088,984.633,,11818618.0,74.22800000000001,32.7,8.001,5.075,10849.296999999999,2.0,318.991,8.52,1.1,65.8,78.687,2.3,76.7,0.74
81444,TUR,Asia,Turkey,2021-05-12,5072462.0,13029.0,43821.0,60143.682,519.581,,84339067.0,104.914,31.6,8.152999999999999,5.061,25129.341,0.2,171.285,12.13,14.1,41.1,,2.81,77.69,0.82
81536,TCA,North America,Turks and Caicos Islands,2021-04-11,,,,,,,38718.0,37.312,,,,,,,,,,,,80.22,
81537,TUV,Oceania,Tuvalu,2021-04-27,,,,,,,11792.0,373.06699999999995,,,,3575.1040000000003,3.3,,27.25,,,,,67.57,
81955,UGA,Africa,Uganda,2021-05-12,42487.0,60.0,346.0,928.86,7.564,,45741000.0,213.75900000000001,16.4,2.168,1.308,1697.707,41.6,213.333,2.5,3.4,16.7,21.221999999999998,0.5,63.37,0.544
82391,UKR,Europe,Ukraine,2021-05-12,2185088.0,4659.0,48908.0,49963.416,1118.312,,43733759.0,77.39,41.4,16.462,11.133,7894.393,0.1,539.849,7.11,13.5,47.4,,8.8,72.06,0.779
82861,ARE,Asia,United Arab Emirates,2021-05-12,540646.0,1508.0,1619.0,54663.71400000001,163.694,,9890400.0,112.44200000000001,34.0,1.1440000000000001,0.526,67293.483,,317.84,17.26,1.2,37.4,,1.2,77.97,0.89
83329,GBR,Europe,United Kingdom,2021-05-12,4457742.0,2296.0,127901.0,65665.11099999999,1884.056,,67886004.0,272.89799999999997,40.8,18.517,12.527000000000001,39753.244,0.2,122.137,4.28,20.0,24.7,,2.54,81.32,0.932
83806,USA,North America,United States,2021-05-12,32814415.0,35509.0,583684.0,99136.413,1763.382,,331002647.0,35.608000000000004,38.3,15.413,9.732000000000001,54225.445999999996,1.2,151.089,10.79,19.1,24.6,,2.77,78.86,0.9259999999999999
84232,URY,South America,Uruguay,2021-05-12,228102.0,2255.0,3252.0,65664.918,936.17,,3473727.0,19.750999999999998,35.6,14.655,10.360999999999999,20551.409,0.1,160.708,6.93,14.0,19.9,,2.8,77.91,0.8170000000000001
84656,UZB,Asia,Uzbekistan,2021-05-12,95467.0,395.0,666.0,2852.384,19.899,,33469199.0,76.134,28.2,4.468999999999999,2.873,6253.104,,724.4169999999999,7.57,1.3,24.7,,4.0,71.72,0.72
84840,VUT,Oceania,Vanuatu,2021-05-12,4.0,0.0,1.0,13.023,3.2560000000000002,,307150.0,22.662,23.1,4.394,2.62,2921.909,13.2,546.3,12.02,2.8,34.5,25.209,,70.47,0.609
85273,VAT,Europe,Vatican,2021-05-12,27.0,0.0,,33374.536,,,809.0,,,,,,,,,,,,,75.12,
85698,VEN,South America,Venezuela,2021-05-12,210948.0,832.0,2337.0,7418.358,82.185,,28435943.0,36.253,29.0,6.614,3.915,16745.022,,204.85,6.47,,,,0.8,72.06,0.711
86174,VNM,Asia,Vietnam,2021-05-12,3658.0,87.0,35.0,37.58,0.36,,97338583.0,308.127,32.6,7.15,4.718,6171.884,2.0,245.465,6.0,1.0,45.9,85.84700000000001,2.6,75.4,0.7040000000000001
86224,WLF,Oceania,Wallis and Futuna,2021-05-11,,,,,,,11246.0,,,,,,,,,,,,,79.94,
86701,OWID_WRL,,World,2021-05-12,160450504.0,759730.0,3331258.0,20584.304,427.369,,7794798729.0,58.045,30.9,8.696,5.355,15469.207,10.0,233.07,8.51,6.434,34.635,60.13,2.705,72.58,0.737
87099,YEM,Asia,Yemen,2021-05-12,6498.0,6.0,1277.0,217.864,42.815,,29825968.0,53.508,20.3,2.9219999999999997,1.5830000000000002,1479.1470000000002,18.8,495.00300000000004,5.35,7.6,29.2,49.542,0.7,66.12,0.47
87520,ZMB,Africa,Zambia,2021-05-12,92211.0,59.0,1259.0,5015.840999999999,68.484,,18383956.0,22.995,17.7,2.48,1.5419999999999998,3689.2509999999997,57.5,234.49900000000002,3.94,3.1,24.7,13.937999999999999,2.0,63.89,0.584
87939,ZWE,Africa,Zimbabwe,2021-05-12,38466.0,18.0,1579.0,2588.05,106.23700000000001,,14862927.0,42.729,19.6,2.822,1.882,1899.775,21.4,307.846,1.82,1.6,30.7,36.791,1.7,61.49,0.5710000000000001
