,iso_code,continent,Country,date,total_cases,new_cases,total_deaths,total_cases_per_million,total_deaths_per_million,stringency_index,population,population_density,median_age,aged_65_older,aged_70_older,gdp_per_capita,extreme_poverty,cardiovasc_death_rate,diabetes_prevalence,female_smokers,male_smokers,handwashing_facilities,hospital_beds_per_thousand,life_expectancy,human_development_index
443,AFG,Asia,Afghanistan,2021-05-12,62718,315,2713,1611.114,69.692,,38928341,54.422,18.6,2.581,1.337,1803.987,,597.029,9.59,,,37.746,0.5,64.83,0.511
898,OWID_AFR,,Africa,2021-05-12,4656979,8863,125363,3473.807,93.513,,1340598113,,,,,,,,,,,,,,
1341,ALB,Europe,Albania,2021-05-12,131845,42,2423,45814.511,841.963,,2877800,104.871,38,13.188,8.643,11803.431,1.1,304.195,10.08,7.1,51.2,,2.89,78.57,0.795
1784,DZA,Africa,Algeria,2021-05-12,124682,199,3350,2843.308,76.395,,43851043,17.348,29.1,6.211,3.857,13913.839,0.5,278.364,6.73,0.7,30.4,83.741,1.9,76.88,0.748
2221,AND,Europe,Andorra,2021-05-12,13470,23,127,174335.081,1643.694,,77265,163.755,,,,,,109.135,7.97,29,37.8,,,83.73,0.868
2640,AGO,Africa,Angola,2021-05-12,29405,259,645,894.686,19.625,,32866268,23.89,16.8,2.405,1.362,5819.495,,276.045,3.94,,,26.664,,61.15,0.581
2718,AIA,North America,Anguilla,2021-04-22,,,,,,,15002,,,,,,,,,,,,,81.88,
3144,ATG,North America,Antigua and Barbuda,2021-05-12,1240,2,32,12662.364,326.771,,97928,231.845,32.1,6.933,4.631,21490.943,,191.511,13.17,,,,3.8,77.02,0.778
3642,ARG,South America,Argentina,2021-05-12,3215572,24475,68807,71147.621,1522.421,,45195777,16.177,31.9,11.198,7.441,18933.907,0.6,191.032,5.5,16.2,27.7,,5,76.67,0.845
4080,ARM,Asia,Armenia,2021-05-12,219950,354,4272,74226.335,1441.668,,2963234,102.931,35.7,11.232,7.571,8787.58,1.8,341.01,7.11,1.5,52.1,94.043,4.2,75.09,0.776
4124,ABW,North America,Aruba,2021-05-11,,,,,,,106766,584.8,41.2,13.085,7.452,35973.781,,,11.62,,,,,76.29,
4601,OWID_ASI,,Asia,2021-05-12,45265838,452792,585684,9755.889,126.229,,4639847425,,,,,,,,,,,,,,
5074,AUS,Oceania,Australia,2021-05-12,29955,9,910,1174.711,35.686,,25499881,3.202,37.9,15.504,10.129,44648.71,0.5,107.791,5.07,13,16.5,,3.84,83.44,0.944
5517,AUT,Europe,Austria,2021-05-12,633960,1194,10428,70389.945,1157.843,,9006400,106.749,44.4,19.202,13.748,45436.686,0.7,145.183,6.35,28.4,30.9,,7.37,81.54,0.922
5955,AZE,Asia,Azerbaijan,2021-05-12,328159,558,4726,32365.454,466.113,,10139175,119.309,32.4,6.018,3.871,15847.419,,559.812,7.11,0.3,42.5,83.241,4.7,73,0.756
6378,BHS,North America,Bahamas,2021-05-12,10966,58,215,27885.711,546.729,,393248,39.497,34.3,8.996,5.2,27717.847,,235.954,13.17,3.1,20.4,,2.9,73.92,0.814
6822,BHR,Asia,Bahrain,2021-05-12,194289,1539,705,114181.324,414.32,,1701583,1935.907,32.4,2.372,1.387,43290.705,,151.689,16.52,5.8,37.6,,2,77.29,0.852
7258,BGD,Asia,Bangladesh,2021-05-12,777397,1140,12045,4720.383,73.138,,164689383,1265.036,27.5,5.098,3.262,3523.984,14.8,298.003,8.38,1,44.7,34.808,0.8,72.59,0.632
7680,BRB,North America,Barbados,2021-05-12,3957,7,46,13769.657,160.072,,287371,664.463,39.8,14.952,9.473,16978.068,,170.05,13.57,1.9,14.5,88.469,5.8,79.19,0.814
8120,BLR,Europe,Belarus,2021-05-12,371405,896,2661,39304.941,281.608,,9449321,46.858,40.3,14.799,9.788,17167.967,,443.129,5.18,10.5,46.1,,11,74.79,0.823
8584,BEL,Europe,Belgium,2021-05-12,1023583,3251,24630,88318.975,2125.178,,11589616,375.564,41.8,18.571,12.849,42658.576,0.2,114.898,4.29,25.1,31.4,,5.64,81.63,0.931
9000,BLZ,North America,Belize,2021-05-12,12707,3,323,31957.568,812.331,,397621,16.426,25,3.853,2.279,7824.362,,176.957,17.11,,,90.083,1.3,74.62,0.716
9423,BEN,Africa,Benin,2021-05-12,7995,0,101,659.479,8.331,,12123198,99.11,18.8,3.244,1.942,2064.236,49.6,235.848,0.99,0.6,12.3,11.035,0.5,61.77,0.545
9536,BMU,North America,Bermuda,2021-05-02,,,,,,70.37,62273,1308.82,,,,50669.315,,139.547,13,,,,,82.59,
9969,BTN,Asia,Bhutan,2021-05-12,1257,10,1,1629.057,1.296,,771612,21.188,28.6,4.885,2.977,8708.597,1.5,217.066,9.75,,,79.807,1.7,71.78,0.654
10397,BOL,South America,Bolivia,2021-05-12,322578,2369,13308,27634.473,1140.064,,11673029,10.202,25.4,6.704,4.393,6885.829,7.1,204.299,6.89,,,25.383,1.1,71.51,0.718
10831,BIH,Europe,Bosnia and Herzegovina,2021-05-12,201796,284,8943,61507.888,2725.847,,3280815,68.496,42.5,16.569,10.711,11713.895,0.2,329.635,10.08,30.2,47.7,97.164,3.5,77.4,0.78
11240,BWA,Africa,Botswana,2021-05-12,49041,0,751,20854.09,319.354,,2351625,4.044,25.8,3.941,2.242,15807.374,,237.372,4.81,5.7,34.4,,1.8,69.59,0.735
11682,BRA,South America,Brazil,2021-05-12,15359397,76692,428034,72259.314,2013.715,,212559409,25.04,33.5,8.552,5.06,14103.452,3.4,177.961,8.11,10.1,17.9,,2.2,75.88,0.765
12112,BRN,Asia,Brunei,2021-05-12,231,1,3,528.021,6.857,,437483,81.347,32.4,4.591,2.382,71809.251,,201.285,12.79,2,30.9,,2.7,75.86,0.838
12543,BGR,Europe,Bulgaria,2021-05-12,412814,657,17150,59410.991,2468.178,,6948445,65.18,44.7,20.801,13.272,18563.307,1.5,424.688,5.81,30.1,44.4,,7.454,75.05,0.816
12972,BFA,Africa,Burkina Faso,2021-05-12,13387,3,164,640.426,7.846,,20903278,70.151,17.6,2.409,1.358,1703.102,43.7,269.048,2.42,1.6,23.9,11.877,0.4,61.58,0.452
13380,BDI,Africa,Burundi,2021-05-12,4233,25,6,355.99,0.505,,11890781,423.062,17.5,2.562,1.504,702.225,71.7,293.068,6.05,,,6.144,0.8,61.58,0.433
13852,KHM,Asia,Cambodia,2021-05-12,20695,472,136,1237.815,8.134,,16718971,90.672,25.6,4.412,2.385,3645.07,,270.892,4,2,33.7,66.229,0.8,69.82,0.594
14285,CMR,Africa,Cameroon,2021-05-12,74946,0,1152,2823.265,43.397,,26545864,50.885,18.8,3.165,1.919,3364.926,23.8,244.661,7.2,,,2.735,1.3,59.29,0.563
14758,CAN,North America,Canada,2021-05-12,1314420,6557,24755,34826.308,655.898,,37742157,4.037,41.4,16.984,10.797,44017.591,0.5,105.599,7.37,12,16.6,,2.5,82.43,0.929
15177,CPV,Africa,Cape Verde,2021-05-12,27029,320,238,48614.359,428.067,,555988,135.58,25.7,4.46,3.437,6222.554,,182.219,2.42,2.1,16.5,,2.1,72.98,0.665
15310,CYM,North America,Cayman Islands,2021-05-07,,,,,,,65720,256.496,,,,49903.029,,,13.22,,,,,83.92,
15734,CAF,Africa,Central African Republic,2021-05-12,6866,192,95,1421.602,19.67,,4829764,7.479,18.3,3.655,2.251,661.24,,435.727,6.1,,,16.603,1,53.28,0.397
16154,TCD,Africa,Chad,2021-05-12,4891,3,172,297.762,10.471,,16425859,11.833,16.7,2.486,1.446,1768.153,38.4,280.995,6.1,,,5.818,,54.24,0.398
16599,CHL,South America,Chile,2021-05-12,1260448,3902,27384,65936.086,1432.502,,19116209,24.282,35.4,11.087,6.938,22767.037,1.3,127.993,8.46,34.2,41.5,,2.11,80.18,0.851
17076,CHN,Asia,China,2021-05-12,102671,11,4846,71.333,3.367,,1439323774,147.674,38.7,10.641,5.929,15308.712,0.7,261.899,9.74,1.9,48.4,,4.34,76.91,0.761
17509,COL,South America,Colombia,2021-05-12,3048719,16993,79261,59916.395,1557.714,,50882884,44.223,32.2,7.646,4.312,13254.949,4.5,124.24,7.44,4.7,13.5,65.386,1.71,77.29,0.767
17887,COM,Africa,Comoros,2021-05-12,3860,0,146,4438.848,167.894,,869595,437.352,20.4,2.963,1.726,1413.89,18.1,261.516,11.88,4.4,23.6,15.574,2.2,64.32,0.554
18311,COG,Africa,Congo,2021-05-12,11343,0,148,2055.602,26.821,,5518092,15.405,19,3.402,2.063,4881.406,37,344.094,7.2,1.7,52.3,47.964,,64.57,0.574
18744,CRI,North America,Costa Rica,2021-05-12,276887,3173,3482,54354.3,683.534,,5094114,96.079,33.6,9.468,5.694,15524.995,1.3,137.973,8.78,6.4,17.4,83.841,1.13,80.28,0.81
19172,CIV,Africa,Cote d'Ivoire,2021-05-12,46516,32,292,1763.421,11.07,,26378275,76.399,18.7,2.933,1.582,3601.006,28.2,303.74,2.42,,,19.351,,57.78,0.538
19615,HRV,Europe,Croatia,2021-05-12,347094,1471,7589,84548.439,1848.6,,4105268,73.726,44,19.724,13.053,22669.797,0.7,253.782,5.59,34.3,39.9,,5.54,78.49,0.851
20042,CUB,North America,Cuba,2021-05-12,119375,1207,768,10539.335,67.805,,11326616,110.408,43.1,14.738,9.719,,,190.968,8.27,17.1,53.3,85.198,5.2,78.8,0.783
20086,CUW,North America,Curacao,2021-05-11,,,,,,,164100,362.644,41.7,16.367,10.068,,,,11.62,,,,,78.88,
20518,CYP,Europe,Cyprus,2021-05-12,70358,260,341,80326.613,389.314,,875899,127.657,37.3,13.416,8.563,32415.132,,141.171,9.24,19.6,52.7,,3.4,80.98,0.887
20956,CZE,Europe,Czechia,2021-05-12,1648667,1686,29787,153951.795,2781.497,,10708982,137.176,43.3,19.027,11.58,32605.906,,227.485,6.82,30.5,38.3,,6.63,79.38,0.9
21384,COD,Africa,Congo,2021-05-12,30429,37,775,339.756,8.653,,89561404,35.879,17,3.02,1.745,808.133,77.1,318.949,6.1,,,4.472,,60.68,0.48
21850,DNK,Europe,Denmark,2021-05-12,262859,1246,2500,45381.524,431.615,,5792203,136.52,42.3,19.677,12.325,46682.515,0.2,114.767,6.41,19.3,18.8,,2.5,80.9,0.94
22271,DJI,Africa,Djibouti,2021-05-12,11389,20,151,11527.305,152.834,,988002,41.285,25.4,4.213,2.38,2705.406,22.5,258.037,6.05,1.7,24.5,,1.4,67.11,0.524
22688,DMA,North America,Dominica,2021-05-12,175,0,,2430.859,,,71991,98.567,,,,9673.367,,227.376,11.62,,,,3.8,75,0.742
23126,DOM,North America,Dominican Republic,2021-05-12,273497,688,3554,25211.967,327.621,,10847904,222.873,27.6,6.981,4.419,14600.861,1.6,266.653,8.2,8.5,19.1,55.182,1.6,74.08,0.756
23564,ECU,South America,Ecuador,2021-05-12,404632,2037,19349,22934.344,1096.692,,17643060,66.939,28.1,7.104,4.458,10581.936,3.6,140.448,5.55,2,12.3,80.635,1.5,77.01,0.759
24018,EGY,Africa,Egypt,2021-05-12,240927,1187,14091,2354.311,137.696,,102334403,97.999,25.3,5.159,2.891,10550.206,1.3,525.432,17.31,0.2,50.1,89.827,1.6,71.99,0.707
24438,SLV,North America,El Salvador,2021-05-12,70915,535,2168,10933.21,334.248,,6486201,307.811,27.6,8.273,5.417,7292.458,2.2,167.295,8.87,2.5,18.8,90.65,1.3,73.32,0.673
24862,GNQ,Africa,Guinea,2021-05-12,7694,0,112,5484.022,79.83,,1402985,45.194,22.4,2.846,1.752,22604.873,,202.812,7.78,,,24.64,2.1,58.74,0.592
25280,ERI,Africa,Eritrea,2021-05-12,3822,4,12,1077.704,3.384,,3546427,44.304,19.3,3.607,2.171,1510.459,,311.11,6.05,0.2,11.4,,0.7,66.32,0.459
25743,EST,Europe,Estonia,2021-05-12,126064,368,1210,95032.261,912.148,,1326539,31.033,42.7,19.452,13.491,29481.252,0.5,255.569,4.02,24.5,39.3,,4.69,78.74,0.892
26168,SWZ,Africa,Eswatini,2021-05-12,18492,5,671,15939.126,578.367,,1160164,79.492,21.5,3.163,1.845,7738.975,,333.436,3.94,1.7,16.5,24.097,2.1,60.19,0.611
26594,ETH,Africa,Ethiopia,2021-05-12,264367,695,3938,2299.572,34.254,,114963583,104.957,19.8,3.526,2.063,1729.927,26.7,182.634,7.47,0.4,8.5,7.96,0.3,66.6,0.485
27070,OWID_EUR,,Europe,2021-05-12,46046017,98176,1044424,61502.929,1395.02,,748680069,,,,,,,,,,,,,,
27546,OWID_EUN,,European Union,2021-05-12,31707490,78203,707830,71265.749,1590.919,,444919060,,,,,,,,,,,,,,
27649,FRO,Europe,Faeroe Islands,2021-05-11,,,,,,,48865,35.308,,,,,,,,,,,,80.67,
27716,FLK,South America,Falkland Islands,2021-04-14,,,,,,,3483,,,,,,,,,,,,,81.44,
28185,FJI,Oceania,Fiji,2021-05-12,161,9,3,179.599,3.347,,896444,49.562,28.6,6.224,3.284,8702.975,1.4,412.82,14.49,10.2,34.8,,2.3,67.44,0.743
28655,FIN,Europe,Finland,2021-05-12,89270,280,930,16111.63,167.848,,5540718,18.136,42.8,21.228,13.264,40585.721,,153.507,5.76,18.3,22.6,,3.28,81.91,0.938
29130,FRA,Europe,France,2021-05-12,5882882,21498,107280,87070.927,1587.822,,67564251,122.578,42,19.718,13.079,38605.671,,86.06,4.77,30.1,35.6,,5.98,82.66,0.901
29229,PYF,Oceania,French Polynesia,2021-05-11,,,,,,,280904,77.324,32.7,7.775,4.593,,,,22.63,,,,,77.66,
29654,GAB,Africa,Gabon,2021-05-12,23734,169,143,10663.477,64.249,,2225728,7.859,23.1,4.45,2.976,16562.413,3.4,259.967,7.2,,,,6.3,66.47,0.703
30076,GMB,Africa,Gambia,2021-05-12,5934,0,175,2455.451,72.414,,2416664,207.566,17.5,2.339,1.417,1561.767,10.1,331.43,1.91,0.7,31.2,7.876,1.1,62.05,0.496
30518,GEO,Asia,Georgia,2021-05-12,325665,1409,4363,81637.181,1093.71,,3989175,65.032,38.7,14.864,10.244,9745.079,4.2,496.218,7.11,5.3,55.5,,2.6,73.77,0.812
30990,DEU,Europe,Germany,2021-05-12,3564494,6590,85451,42543.879,1019.897,,83783945,237.016,46.6,21.453,15.957,45229.245,,156.139,8.31,28.2,33.1,,8,81.33,0.947
31415,GHA,Africa,Ghana,2021-05-12,93125,114,783,2996.98,25.199,,31072945,126.719,21.1,3.385,1.948,4227.63,12,298.245,4.97,0.3,7.7,41.047,0.9,64.07,0.611
31534,GIB,Europe,Gibraltar,2021-05-08,,,,,,,33691,3457.1,,,,,,,,,,,,79.93,
31976,GRC,Europe,Greece,2021-05-12,369554,2478,11211,35455.436,1075.596,,10423056,83.479,45.3,20.396,14.524,24574.382,1.5,175.695,4.55,35.3,52,,4.21,82.24,0.888
32081,GRL,North America,Greenland,2021-05-11,,,,,,,56772,0.137,,,,,,199.941,2.16,,,,,71.7,
32498,GRD,North America,Grenada,2021-05-12,161,1,1,1430.869,8.887,,112519,317.132,29.4,7.304,5.021,13593.877,,243.964,10.71,,,,3.7,72.4,0.779
32949,GTM,North America,Guatemala,2021-05-12,237682,1416,7815,13266.786,436.213,,17915567,157.834,22.9,4.694,3.016,7423.808,8.7,155.898,10.18,,,76.665,0.6,74.3,0.663
33037,GGY,Europe,Guernsey,2021-04-21,,,,,,,67052,,,,,,,,,,,,,,
33463,GIN,Africa,Guinea,2021-05-12,22719,0,151,1729.944,11.498,,13132792,51.755,19,3.135,1.733,1998.926,35.3,336.717,2.42,,,17.45,0.3,61.6,0.477
33877,GNB,Africa,Guinea-Bissau,2021-05-12,3741,0,67,1900.917,34.045,,1967998,66.191,19.4,3.002,1.565,1548.675,67.1,382.474,2.42,,,6.403,,58.32,0.48
34304,GUY,South America,Guyana,2021-05-12,14659,128,331,18636.873,420.82,,786559,3.952,26.3,5.305,2.837,7435.047,,373.159,11.62,,,77.159,1.6,69.91,0.682
34723,HTI,North America,Haiti,2021-05-12,13227,48,266,1160.005,23.328,,11402533,398.448,24.3,4.8,2.954,1653.173,23.5,430.548,6.65,2.9,23.1,22.863,0.7,64,0.51
35151,HND,North America,Honduras,2021-05-12,222992,874,5853,22513.965,590.937,,9904608,82.805,24.9,4.652,2.883,4541.795,16,240.208,7.21,2,,84.169,0.7,75.27,0.634
35302,HKG,Asia,Hong Kong,2021-05-11,,,,,,71.3,7496988,7039.714,44.8,16.303,10.158,56054.92,,,8.33,,,,,84.86,0.949
35738,HUN,Europe,Hungary,2021-05-12,793784,905,28888,82169.28,2990.368,,9660350,108.043,43.4,18.577,11.976,26777.561,0.5,278.296,7.55,26.8,34.8,,7.02,76.88,0.854
36179,ISL,Europe,Iceland,2021-05-12,6526,4,29,19123.81,84.982,,341250,3.404,37.3,14.431,9.207,46482.958,0.2,117.992,5.31,14.3,15.2,,2.91,82.99,0.949
36648,IND,Asia,India,2021-05-12,23703665,362727,258317,17176.514,187.186,,1380004385,450.419,28.2,5.989,3.414,6426.674,21.2,282.28,10.39,1.9,20.6,59.55,0.53,69.66,0.645
37085,IDN,Asia,Indonesia,2021-05-12,1728204,4608,47617,6318.299,174.087,,273523621,145.725,29.3,5.319,3.053,11188.744,5.7,342.864,6.32,2.8,76.1,64.204,1.04,71.72,0.718
37546,OWID_INT,,International,2021-05-12,721,0,15,,,,,,,,,,,,,,,,,,
37995,IRN,Asia,Iran,2021-05-12,2707761,16409,75934,32237.955,904.052,,83992953,49.831,32.4,5.44,3.182,19082.62,0.2,270.308,9.59,0.8,21.1,,1.5,76.68,0.783
38439,IRQ,Asia,Iraq,2021-05-12,1127580,4666,15855,28033.561,394.182,,40222503,88.125,20,3.186,1.957,15663.986,2.5,218.612,8.83,,,94.576,1.4,70.6,0.674
38882,IRL,Europe,Ireland,2021-05-12,254013,446,4937,51442.587,999.839,,4937796,69.874,38.7,13.928,8.678,67335.293,0.2,126.459,3.28,23,25.7,,2.96,82.3,0.955
38993,IMN,Europe,Isle of Man,2021-05-11,,,,,,,85032,147.872,,,,,,,,,,,,81.4,
39441,ISR,Asia,Israel,2021-05-12,839030,30,6379,96935.593,736.985,,8655541,402.606,30.6,11.733,7.359,33132.32,0.5,93.32,6.74,15.4,35.4,,2.99,82.97,0.919
39909,ITA,Europe,Italy,2021-05-12,4131078,7848,123544,68325.39,2043.339,,60461828,205.859,47.9,23.021,16.24,35220.084,2,113.151,4.78,19.8,27.8,,3.18,83.51,0.892
40337,JAM,North America,Jamaica,2021-05-12,46922,101,820,15845.812,276.918,,2961161,266.879,31.4,9.684,6.39,8193.571,,206.537,11.28,5.3,28.6,66.425,1.7,74.47,0.734
40814,JPN,Asia,Japan,2021-05-12,660884,7521,11148,5225.352,88.143,,126476458,347.778,48.2,27.049,18.493,39002.223,,79.37,5.72,11.2,33.7,,13.05,84.63,0.919
40864,JEY,Europe,Jersey,2021-05-02,,,,,,,101073,,,,,,,,,,,,,,
41300,JOR,Asia,Jordan,2021-05-12,721853,0,9151,70748.123,896.881,,10203140,109.285,23.2,3.81,2.361,8337.49,0.1,208.257,11.75,,,,1.4,74.53,0.729
41726,KAZ,Asia,Kazakhstan,2021-05-12,404348,2456,3387,21534.553,180.383,,18776707,6.681,30.6,6.991,4.625,24055.588,0.1,466.792,7.11,7,43.1,98.999,6.7,73.6,0.825
42159,KEN,Africa,Kenya,2021-05-12,164386,410,2950,3057.133,54.862,,53771300,87.324,20,2.686,1.528,2993.028,36.8,218.637,2.92,1.2,20.4,24.651,1.4,66.7,0.601
42584,OWID_KOS,Europe,Kosovo,2021-05-12,106243,113,2222,54969.179,1149.643,,1932774,168.155,,,,9795.834,0.6,,,,,,,,
43028,KWT,Asia,Kuwait,2021-05-12,288184,985,1669,67481.501,390.815,,4270563,232.128,33.7,2.345,1.114,65530.537,,132.235,15.84,2.7,37,,2,75.49,0.806
43449,KGZ,Asia,Kyrgyzstan,2021-05-12,99316,283,1675,15222.73,256.737,,6524191,32.333,26.3,4.489,2.882,3393.474,1.4,436.362,7.11,3.6,50.5,89.22,4.5,71.45,0.697
43864,LAO,Asia,Laos,2021-05-12,1417,55,1,194.762,0.137,,7275556,29.715,24.4,4.029,2.322,6397.36,22.7,368.111,4,7.3,51.2,49.839,1.5,67.92,0.613
44307,LVA,Europe,Latvia,2021-05-12,125689,729,2223,66636.023,1178.559,,1886202,31.212,43.9,19.754,14.136,25063.846,0.7,350.06,4.91,25.6,51,,5.57,75.29,0.866
44754,LBN,Asia,Lebanon,2021-05-12,534388,703,7549,78293.538,1106.009,,6825442,594.561,31.1,8.514,5.43,13367.565,,266.591,12.71,26.9,40.7,,2.9,78.93,0.744
45119,LSO,Africa,Lesotho,2021-05-12,10774,1,319,5029.287,148.909,,2142252,73.562,22.2,4.506,2.647,2851.153,59.6,405.126,3.94,0.4,53.9,2.117,,54.33,0.527
45542,LBR,Africa,Liberia,2021-05-12,2114,0,85,417.978,16.806,,5057677,49.127,19.2,3.057,1.756,752.788,38.6,272.509,2.42,1.5,18.1,1.188,0.8,64.1,0.48
45977,LBY,Africa,Libya,2021-05-12,180945,253,3082,26333.495,448.533,,6871287,3.623,29,4.424,2.816,17881.509,,341.862,10.43,,,,3.7,72.91,0.724
46412,LIE,Europe,Liechtenstein,2021-05-12,2978,3,58,78086.897,1520.833,,38137,237.012,,,,,,,7.77,,,,2.397,82.49,0.919
46851,LTU,Europe,Lithuania,2021-05-12,261128,1266,4059,95922.148,1491.024,,2722291,45.135,43.5,19.002,13.778,29524.265,0.7,342.989,3.67,21.3,38,,6.56,75.93,0.882
47295,LUX,Europe,Luxembourg,2021-05-12,68748,196,806,109825.297,1287.589,,625976,231.447,39.7,14.312,9.842,94277.965,0.2,128.275,4.42,20.9,26,,4.51,82.25,0.916
47388,MAC,Asia,Macao,2021-05-11,,,,,,,649342,20546.766,39.2,9.798,4.991,104861.851,,,,,,,,84.24,
47807,MDG,Africa,Madagascar,2021-05-12,39510,159,738,1426.816,26.651,,27691019,43.951,19.6,2.929,1.686,1416.44,77.6,405.994,3.94,,,50.54,0.2,67.04,0.528
48217,MWI,Africa,Malawi,2021-05-12,34183,0,1153,1786.883,60.272,,19129955,197.519,18.1,2.979,1.783,1095.042,71.4,227.349,3.94,4.4,24.7,8.704,1.3,64.26,0.483
48691,MYS,Asia,Malaysia,2021-05-12,453222,4765,1761,14003.029,54.409,,32365998,96.254,29.9,6.293,3.407,26808.164,0.1,260.942,16.74,1,42.4,,1.9,76.16,0.81
49122,MDV,Asia,Maldives,2021-05-12,40092,1572,87,74170,160.95,,540542,1454.433,30.6,4.12,2.875,15183.616,,164.905,9.19,2.1,55,95.803,,78.92,0.74
49536,MLI,Africa,Mali,2021-05-12,14149,16,507,698.687,25.036,,20250834,15.196,16.4,2.519,1.486,2014.306,,268.024,2.42,1.6,23,52.232,0.1,59.31,0.434
49998,MLT,Europe,Malta,2021-05-12,30469,5,417,69006.362,944.424,,441539,1454.037,42.4,19.426,11.324,36513.323,0.2,168.711,8.83,20.9,30.2,,4.485,82.53,0.895
50195,MHL,Oceania,Marshall Islands,2021-05-12,4,0,,67.574,,,59194,295.15,,,,3819.202,,557.793,30.53,,,82.502,2.7,73.7,0.704
50620,MRT,Africa,Mauritania,2021-05-12,18745,54,457,4031.478,98.287,,4649660,4.289,20.3,3.138,1.792,3597.633,6,232.347,2.42,,,15.95,,64.92,0.546
51041,MUS,Africa,Mauritius,2021-05-12,1266,9,17,995.465,13.367,,1271767,622.962,37.4,10.945,5.884,20292.745,0.5,224.644,22.02,3.2,40.7,,3.4,74.99,0.804
51539,MEX,North America,Mexico,2021-05-12,2371483,3090,219590,18393.177,1703.136,,128932753,66.444,29.3,6.857,4.321,17336.469,2.5,152.783,13.06,6.9,21.4,87.847,1.38,75.05,0.779
51651,FSM,Oceania,Micronesia (country),2021-05-12,1,0,,8.694,,,115021,150.777,23,4.81,2.392,3299.464,16,454.343,12.02,,,,,67.88,0.62
52082,MDA,Europe,Moldova,2021-05-12,253173,224,5981,62760.367,1482.661,,4033963,123.655,37.6,10.864,6.955,5189.972,0.2,408.502,5.72,5.9,44.6,86.979,5.8,71.9,0.75
52521,MCO,Europe,Monaco,2021-05-12,2487,1,32,63372.745,815.411,,39244,19347.5,,,,,,,5.46,,,,13.8,86.75,
52950,MNG,Asia,Mongolia,2021-05-12,47033,585,193,14346.8,58.872,,3278292,1.98,28.6,4.031,2.421,11840.846,0.5,460.043,4.82,5.5,46.5,71.18,7,69.87,0.737
53372,MNE,Europe,Montenegro,2021-05-12,98546,97,1548,156904.892,2464.725,,628062,46.28,39.1,14.762,9.395,16409.288,1,387.305,10.08,44,47.9,,3.861,76.88,0.829
53445,MSR,North America,Montserrat,2021-04-21,,,,,,,4999,,,,,,,,,,,,,74.16,
53906,MAR,Africa,Morocco,2021-05-12,514432,268,9088,13937.259,246.217,,36910558,80.08,29.6,6.769,4.209,7485.013,1,419.146,7.14,0.8,47.1,,1.1,76.68,0.686
54323,MOZ,Africa,Mozambique,2021-05-12,70287,20,826,2248.793,26.427,,31255435,37.728,17.7,3.158,1.87,1136.103,62.9,329.942,3.3,5.1,29.1,12.227,0.7,60.85,0.456
54735,MMR,Asia,Myanmar,2021-05-12,142997,23,3211,2628.148,59.015,,54409794,81.721,29.1,5.732,3.12,5591.597,6.4,202.104,4.61,6.3,35.2,79.287,0.9,67.13,0.583
55160,NAM,Africa,Namibia,2021-05-12,50515,214,702,19880.626,276.278,,2540916,3.078,22,3.552,2.085,9541.808,13.4,243.811,3.94,9.7,34.2,44.6,,63.71,0.646
55183,NRU,Oceania,Nauru,2021-04-30,,,,,,,10834,682.45,,,,12895.635,,,24.07,43,36.9,,5,59.96,
55657,NPL,Asia,Nepal,2021-05-12,422349,9238,4252,14495.376,145.932,,29136808,204.43,25,5.809,3.212,2442.804,15,260.797,7.26,9.5,37.8,47.782,0.3,70.78,0.602
56098,NLD,Europe,Netherlands,2021-05-12,1604659,6379,17664,93648.724,1030.88,,17134873,508.544,43.2,18.779,11.881,48472.545,,109.361,5.29,24.4,27.3,,3.32,82.28,0.944
56197,NCL,Oceania,New Caledonia,2021-05-11,,,,,,,285491,15.342,33.4,9.954,6.489,,,,23.36,,,,,77.55,
56637,NZL,Oceania,New Zealand,2021-05-12,2644,1,26,548.294,5.392,,4822233,18.206,37.9,15.322,9.72,36085.843,,128.797,8.08,14.8,17.2,,2.61,82.29,0.931
57057,NIC,North America,Nicaragua,2021-05-12,7086,0,184,1069.657,27.775,,6624554,51.667,27.3,5.445,3.519,5321.444,3.2,137.016,11.47,,,,0.9,74.48,0.66
57476,NER,Africa,Niger,2021-05-12,5325,1,192,219.981,7.932,,24206636,16.955,15.1,2.553,1.378,926,44.5,238.339,2.42,0.1,15.4,8.978,0.3,62.42,0.394
57916,NGA,Africa,Nigeria,2021-05-12,165559,44,2066,803.14,10.022,,206139587,209.588,18.1,2.751,1.447,5338.454,,181.013,2.42,0.6,10.8,41.949,,54.69,0.539
58393,OWID_NAM,,North America,2021-05-12,38188150,54475,860163,64499.143,1452.801,,592072204,,,,,,,,,,,,,,
58835,MKD,Europe,North Macedonia,2021-05-12,154372,150,5151,74096.9,2472.425,,2083380,82.6,39.1,13.26,8.16,13111.214,5,322.688,10.08,,,,4.28,75.8,0.774
58953,OWID_CYN,Asia,Northern Cyprus,2021-05-11,,,,,,,,,,,,,,,,,,,,,
59396,NOR,Europe,Norway,2021-05-12,117995,500,774,21765.308,142.772,,5421242,14.462,39.7,16.821,10.813,64800.057,0.2,114.316,5.31,19.6,20.7,,3.6,82.4,0.957
59870,OWID_OCE,,Oceania,2021-05-12,45789,523,1070,1072.9,25.072,,42677809,,,,,,,,,,,,,,
60314,OMN,Asia,Oman,2021-05-12,202713,0,2148,39696.104,420.63,,5106622,14.98,30.7,2.355,1.53,37960.709,,266.342,12.61,0.5,15.6,97.4,1.6,77.86,0.813
60757,PAK,Asia,Pakistan,2021-05-12,870703,3265,19336,3941.753,87.536,,220892331,255.573,23.5,4.495,2.78,5034.708,4,423.031,8.35,2.8,36.7,59.607,0.6,67.27,0.557
61191,PSE,Asia,Palestine,2021-05-12,303270,493,3401,59448.2,666.678,,5101416,778.202,20.4,3.043,1.726,4449.898,1,265.91,10.59,,,,,74.05,0.708
61621,PAN,North America,Panama,2021-05-12,368930,562,6285,85504.018,1456.625,,4314768,55.133,29.7,7.918,5.03,22267.037,2.2,128.346,8.33,2.4,9.9,,2.3,78.51,0.815
62040,PNG,Oceania,Papua New Guinea,2021-05-12,12997,504,130,1452.661,14.53,,8947027,18.22,22.6,3.808,2.142,3823.194,,561.494,17.65,23.5,48.8,,,64.5,0.555
62472,PRY,South America,Paraguay,2021-05-12,304889,2828,7358,42746.263,1031.612,,7132530,17.144,26.5,6.378,3.833,8827.01,1.7,199.128,8.27,5,21.6,79.602,1.3,74.25,0.728
62965,PER,South America,Peru,2021-05-12,1865639,12269,64898,56582.789,1968.285,,32971846,25.129,29.1,7.151,4.455,12236.706,3.5,85.755,5.95,4.8,,,1.6,76.74,0.777
63434,PHL,Asia,Philippines,2021-05-12,1118359,4812,18714,10205.767,170.778,,109581085,351.873,25.2,4.803,2.661,7599.188,,370.437,7.07,7.8,40.8,78.463,1,71.23,0.718
63869,POL,Europe,Poland,2021-05-12,2842339,4159,70679,75101.558,1867.512,,37846605,124.027,41.8,16.763,10.202,27216.445,,227.331,5.91,23.3,33.1,,6.62,78.73,0.88
64311,PRT,Europe,Portugal,2021-05-12,840493,485,16998,82427.886,1667.009,,10196707,112.371,46.2,21.502,14.924,27936.896,0.5,127.842,9.85,16.3,30,,3.39,82.05,0.864
64750,QAT,Asia,Qatar,2021-05-12,212124,392,519,73627.068,180.142,,2881060,227.322,31.9,1.307,0.617,116935.6,,176.69,16.52,0.8,26.9,,1.2,80.23,0.848
65192,ROU,Europe,Romania,2021-05-12,1068817,930,29233,55558.513,1519.57,,19237682,85.129,43,17.85,11.69,23313.199,5.7,370.946,9.74,22.9,37.1,,6.892,76.05,0.828
65660,RUS,Europe,Russia,2021-05-12,4849044,8096,112410,33227.546,770.277,,145934460,8.823,39.6,14.178,9.393,24765.954,0.1,431.297,6.18,23.4,58.3,,8.05,72.58,0.824
66085,RWA,Africa,Rwanda,2021-05-12,25846,73,340,1995.49,26.25,,12952209,494.869,20.3,2.974,1.642,1854.211,56,191.375,4.28,4.7,21,4.617,,69.02,0.543
66151,SHN,Africa,Saint Helena,2021-04-09,,,,,,,6071,,,,,,,,,,,,,80.56,
66565,KNA,North America,Saint Kitts and Nevis,2021-05-12,45,0,,845.992,,,53192,212.865,,,,24654.385,,,12.84,,,,2.3,76.23,0.779
66990,LCA,North America,Saint Lucia,2021-05-12,4725,25,75,25731.23,408.432,,183629,293.187,34.9,9.721,6.405,12951.839,,204.62,11.62,,,87.202,1.3,76.2,0.759
67415,VCT,North America,Saint Vincent and the Grenadines,2021-05-12,1926,4,12,17359.64,108.16,,110947,281.787,31.8,7.724,4.832,10727.146,,252.675,11.62,,,,2.6,72.53,0.738
67591,WSM,Oceania,Samoa,2021-05-12,3,0,,15.12,,,198410,69.413,22,5.606,3.564,6021.557,,348.977,9.21,16.7,38.1,,,73.32,0.715
68032,SMR,Europe,San Marino,2021-05-12,5083,0,90,149773.116,2651.895,,33938,556.667,,,,56861.47,,,5.64,,,,3.8,84.97,
68434,STP,Africa,Sao Tome and Principe,2021-05-12,2320,0,35,10585.825,159.7,,219161,212.841,18.7,2.886,2.162,3052.714,32.3,270.113,2.42,,,41.34,2.9,70.39,0.625
68871,SAU,Asia,Saudi Arabia,2021-05-12,429389,1020,7111,12333.85,204.258,,34813867,15.322,31.9,3.295,1.845,49045.411,,259.538,17.72,1.8,25.4,,2.7,75.13,0.854
69311,SEN,Africa,Senegal,2021-05-12,40762,33,1121,2434.434,66.95,,16743930,82.328,18.7,3.008,1.796,2470.58,38,241.219,2.42,0.4,16.6,20.859,,67.94,0.512
69753,SRB,Europe,Serbia,2021-05-12,703497,1046,6611,103385.565,971.549,,6804596,80.291,41.2,17.366,,14048.881,,439.415,10.08,37.7,40.2,97.719,5.609,76,0.806
70178,SYC,Africa,Seychelles,2021-05-12,8172,0,28,83099.451,284.726,,98340,208.354,36.2,8.606,5.586,26382.287,1.1,242.648,10.55,7.1,35.7,,3.6,73.4,0.796
70586,SLE,Africa,Sierra Leone,2021-05-12,4089,0,79,512.6,9.903,,7976985,104.7,19.1,2.538,1.285,1390.3,52.2,325.721,2.42,8.8,41.3,19.275,,54.7,0.452
71062,SGP,Asia,Singapore,2021-05-12,61419,16,31,10498.359,5.299,,5850343,7915.731,42.4,12.922,7.049,85535.383,,92.243,10.99,5.2,28.3,,2.4,83.62,0.938
71495,SVK,Europe,Slovakia,2021-05-12,386540,404,12096,70799.501,2215.529,,5459643,113.128,41.2,15.07,9.167,30155.152,0.7,287.959,7.29,23.1,37.7,,5.82,77.54,0.86
71961,SVN,Europe,Slovenia,2021-05-12,247449,724,4304,119026.981,2070.294,,2078932,102.619,44.5,19.062,12.93,31400.84,,153.493,7.25,20.1,25,,4.5,81.32,0.917
72174,SLB,Oceania,Solomon Islands,2021-05-12,20,0,,29.117,,,686878,21.841,20.8,3.507,2.043,2205.923,25.1,459.78,18.68,,,35.89,1.4,73,0.567
72597,SOM,Africa,Somalia,2021-05-12,14486,0,753,911.458,47.379,,15893219,23.5,16.8,2.731,1.496,,,365.769,6.05,,,9.831,0.9,57.4,
73058,ZAF,Africa,South Africa,2021-05-12,1602031,2759,54968,27011.741,926.812,,59308690,46.754,27.3,5.344,3.053,12294.876,18.9,200.38,5.52,8.1,33.2,43.993,2.32,64.13,0.709
73504,OWID_SAM,,South America,2021-05-12,26247010,144901,714539,60931.897,1658.788,,430759772,,,,,,,,,,,,,,
73982,KOR,Asia,South Korea,2021-05-12,129633,715,1891,2528.478,36.884,,51269183,527.967,43.4,13.914,8.622,35938.374,0.2,85.998,6.8,6.2,40.9,,12.27,83.03,0.916
74385,SSD,Africa,South Sudan,2021-05-12,10641,0,115,950.622,10.274,,11193729,,19.2,3.441,2.032,1569.888,,280.775,10.43,,,,,57.85,0.433
74852,ESP,Europe,Spain,2021-05-12,3592751,6418,79208,76842.427,1694.115,,46754783,93.105,45.5,19.436,13.799,34272.36,1,99.403,7.17,27.4,31.4,,2.97,83.56,0.904
75324,LKA,Asia,Sri Lanka,2021-05-12,133527,2429,850,6235.719,39.695,,21413250,341.955,34.1,10.069,5.331,11669.077,0.7,197.093,10.68,0.3,27,,3.6,76.98,0.782
75751,SDN,Africa,Sudan,2021-05-12,34889,0,2446,795.658,55.782,,43849269,23.258,19.7,3.548,2.034,4466.507,,431.388,15.67,,,23.437,0.8,65.31,0.51
76176,SUR,South America,Suriname,2021-05-12,11427,121,220,19478.926,375.021,,586634,3.612,29.6,6.933,4.229,13767.119,,258.314,12.54,7.4,42.9,67.779,3.1,71.68,0.738
76643,SWE,Europe,Sweden,2021-05-12,1027934,6330,14267,101783,1412.676,,10099270,24.718,41,19.985,13.433,46949.283,0.5,133.982,4.79,18.8,18.9,,2.22,82.8,0.945
77086,CHE,Europe,Switzerland,2021-05-12,677210,1539,10725,78248.399,1239.223,,8654618,214.243,43.1,18.436,12.644,57410.166,,99.739,5.59,22.6,28.9,,4.53,83.78,0.955
77503,SYR,Asia,Syria,2021-05-12,23543,53,1676,1345.264,95.768,,17500657,,21.7,,2.577,,,376.264,,,,70.598,1.5,72.7,0.567
77986,TWN,Asia,Taiwan,2021-05-12,1231,21,12,51.686,0.504,,23816775,,42.2,,8.353,,,103.957,,,,,,80.46,
78364,TJK,Asia,Tajikistan,2021-05-12,13308,0,90,1395.313,9.436,,9537642,64.281,23.3,3.466,2.155,2896.913,4.8,427.698,7.11,,,72.704,4.8,71.1,0.668
78787,TZA,Africa,Tanzania,2021-05-12,509,0,21,8.521,0.352,,59734213,64.699,17.7,3.108,1.874,2683.304,49.1,217.288,5.75,3.3,26.7,47.953,0.7,65.46,0.529
79282,THA,Asia,Thailand,2021-05-12,88907,1983,486,1273.74,6.963,,69799978,135.132,40.1,11.373,6.89,16277.671,0.1,109.861,7.04,1.9,38.8,90.67,2.1,77.15,0.777
79699,TLS,Asia,Timor,2021-05-12,3626,133,5,2750.216,3.792,,1318442,87.176,18,3.556,1.897,6570.102,30.3,335.346,6.86,6.3,78.1,28.178,5.9,69.5,0.606
80134,TGO,Africa,Togo,2021-05-12,13210,43,125,1595.654,15.099,,8278737,143.366,19.4,2.839,1.525,1429.813,49.2,280.033,6.15,0.9,14.2,10.475,0.7,61.04,0.515
80156,TON,Oceania,Tonga,2021-05-11,,,,,,,105697,150.028,22.3,5.82,4.032,5425.621,,227.49,15.42,11.8,44.4,,2.6,70.91,0.725
80581,TTO,North America,Trinidad and Tobago,2021-05-12,14417,615,235,10301.603,167.918,,1399491,266.886,36.2,10.014,5.819,28763.071,,228.467,10.97,,,89.443,3,73.51,0.796
81016,TUN,Africa,Tunisia,2021-05-12,324103,1105,11637,27423.088,984.633,,11818618,74.228,32.7,8.001,5.075,10849.297,2,318.991,8.52,1.1,65.8,78.687,2.3,76.7,0.74
81444,TUR,Asia,Turkey,2021-05-12,5072462,13029,43821,60143.682,519.581,,84339067,104.914,31.6,8.153,5.061,25129.341,0.2,171.285,12.13,14.1,41.1,,2.81,77.69,0.82
81536,TCA,North America,Turks and Caicos Islands,2021-04-11,,,,,,,38718,37.312,,,,,,,,,,,,80.22,
81537,TUV,Oceania,Tuvalu,2021-04-27,,,,,,,11792,373.067,,,,3575.104,3.3,,27.25,,,,,67.57,
81955,UGA,Africa,Uganda,2021-05-12,42487,60,346,928.86,7.564,,45741000,213.759,16.4,2.168,1.308,1697.707,41.6,213.333,2.5,3.4,16.7,21.222,0.5,63.37,0.544
82391,UKR,Europe,Ukraine,2021-05-12,2185088,4659,48908,49963.416,1118.312,,43733759,77.39,41.4,16.462,11.133,7894.393,0.1,539.849,7.11,13.5,47.4,,8.8,72.06,0.779
82861,ARE,Asia,United Arab Emirates,2021-05-12,540646,1508,1619,54663.714,163.694,,9890400,112.442,34,1.144,0.526,67293.483,,317.84,17.26,1.2,37.4,,1.2,77.97,0.89
83329,GBR,Europe,United Kingdom,2021-05-12,4457742,2296,127901,65665.111,1884.056,,67886004,272.898,40.8,18.517,12.527,39753.244,0.2,122.137,4.28,20,24.7,,2.54,81.32,0.932
83806,USA,North America,United States of America,2021-05-12,32814415,35509,583684,99136.413,1763.382,,331002647,35.608,38.3,15.413,9.732,54225.446,1.2,151.089,10.79,19.1,24.6,,2.77,78.86,0.926
84232,URY,South America,Uruguay,2021-05-12,228102,2255,3252,65664.918,936.17,,3473727,19.751,35.6,14.655,10.361,20551.409,0.1,160.708,6.93,14,19.9,,2.8,77.91,0.817
84656,UZB,Asia,Uzbekistan,2021-05-12,95467,395,666,2852.384,19.899,,33469199,76.134,28.2,4.469,2.873,6253.104,,724.417,7.57,1.3,24.7,,4,71.72,0.72
84840,VUT,Oceania,Vanuatu,2021-05-12,4,0,1,13.023,3.256,,307150,22.662,23.1,4.394,2.62,2921.909,13.2,546.3,12.02,2.8,34.5,25.209,,70.47,0.609
85273,VAT,Europe,Vatican,2021-05-12,27,0,,33374.536,,,809,,,,,,,,,,,,,75.12,
85698,VEN,South America,Venezuela,2021-05-12,210948,832,2337,7418.358,82.185,,28435943,36.253,29,6.614,3.915,16745.022,,204.85,6.47,,,,0.8,72.06,0.711
86174,VNM,Asia,Vietnam,2021-05-12,3658,87,35,37.58,0.36,,97338583,308.127,32.6,7.15,4.718,6171.884,2,245.465,6,1,45.9,85.847,2.6,75.4,0.704
86224,WLF,Oceania,Wallis and Futuna,2021-05-11,,,,,,,11246,,,,,,,,,,,,,79.94,
86701,OWID_WRL,,World,2021-05-12,160450504,759730,3331258,20584.304,427.369,,7794798729,58.045,30.9,8.696,5.355,15469.207,10,233.07,8.51,6.434,34.635,60.13,2.705,72.58,0.737
87099,YEM,Asia,Yemen,2021-05-12,6498,6,1277,217.864,42.815,,29825968,53.508,20.3,2.922,1.583,1479.147,18.8,495.003,5.35,7.6,29.2,49.542,0.7,66.12,0.47
87520,ZMB,Africa,Zambia,2021-05-12,92211,59,1259,5015.841,68.484,,18383956,22.995,17.7,2.48,1.542,3689.251,57.5,234.499,3.94,3.1,24.7,13.938,2,63.89,0.584
87939,ZWE,Africa,Zimbabwe,2021-05-12,38466,18,1579,2588.05,106.237,,14862927,42.729,19.6,2.822,1.882,1899.775,21.4,307.846,1.82,1.6,30.7,36.791,1.7,61.49,0.571
