,iso_code,continent,country,count_date,total_cases,new_cases,total_deaths,total_cases_per_million,total_deaths_per_million,population,population_density,median_age,aged_65_older,aged_70_older,gdp_per_capita,extreme_poverty,cardiovasc_death_rate,diabetes_prevalence,female_smokers,male_smokers,handwashing_facilities,hospital_beds_per_thousand,life_expectancy,human_development_index,animal_products,animal_fats,aquatic_products,cereals_excluding_beer,eggs,seafood,fruits_excluding_wine,meat,milk_excluding_butter,miscellaneous,offals,oilcrops,pulses,spices,starchy_roots,stimulants,sugar_and_sweeteners,sugar_crops,treenuts,vegetable_oils,vegetables,vegetal_products,obesity,undernourished,confirmed,deaths,recovered,active,population
0,AFG,Asia,Afghanistan,2021-05-12,62718.0,315.0,2713.0,1611.114,69.692,38928341,54.422,18.6,2.581,1.337,1803.987,,597.029,9.59,,,37.746,0.5,64.83,0.511,9.4341,0.1973,0.0,24.8097,0.2099,0.035,5.3495,1.202,7.5828,0.0728,0.2057,0.07,0.2953,0.0574,0.8802,0.3078,1.3489,0.0,0.077,0.5345,6.7642,40.5645,4.5,29.8,0.142134196,0.006185779,0.123373921,0.012574497,38928000
1,ALB,Europe,Albania,2021-05-12,131845.0,42.0,2423.0,45814.511,841.963,2877800,104.871,38.0,13.188,8.643,11803.431,1.1,304.195,10.08,7.1,51.2,,2.89,78.57,0.795,18.7684,0.1357,0.0,5.7817,0.5815,0.2126,6.7861,1.8845,15.7213,0.1123,0.2324,0.9377,0.238,0.0008,1.8096,0.1055,1.5367,0.0,0.1515,0.3261,11.7753,31.2304,22.3,6.2,2.967300916,0.050951374,1.792635659,1.123713883,2838000
2,DZA,Africa,Algeria,2021-05-12,124682.0,199.0,3350.0,2843.308,76.395,43851043,17.348,29.1,6.211,3.857,13913.839,0.5,278.364,6.73,0.7,30.4,83.741,1.9,76.88,0.748,9.6334,0.0282,0.0,13.6816,0.5277,0.2416,6.3801,1.1305,7.6189,0.1671,0.087,0.3493,0.4783,0.0557,4.134,0.2216,1.8342,0.0,0.1152,1.031,11.6484,40.3651,26.6,3.9,0.244897085,0.006558153,0.167572198,0.070766734,44357000
3,AGO,Africa,Angola,2021-05-12,29405.0,259.0,645.0,894.686,19.625,32866268,23.89,16.8,2.405,1.362,5819.495,,276.045,3.94,,,26.664,,61.15,0.581,4.9278,0.056,0.0,9.1085,0.0587,1.7707,6.0005,2.0571,0.8311,0.1165,0.155,0.4186,0.6507,0.0009,18.1102,0.0508,1.8495,0.0,0.0061,0.6463,2.3041,45.0722,6.8,25.0,0.061687473,0.00146055,0.056807699,0.003419224,32522000
4,ATG,North America,Antigua and Barbuda,2021-05-12,1240.0,2.0,32.0,12662.364,326.771,97928,231.845,32.1,6.933,4.631,21490.943,,191.511,13.17,,,,3.8,77.02,0.778,16.6613,0.0087,0.0,5.996,0.2274,4.1489,10.7451,5.6888,6.3663,0.7139,0.2219,0.2172,0.184,0.1524,1.4522,0.1564,3.8749,0.0,0.0253,0.8102,5.4495,33.3233,19.1,0.0,0.293877551,0.007142857,0.190816327,0.095918367,98000
5,ARG,South America,Argentina,2021-05-12,3215572.0,24475.0,68807.0,71147.621,1522.421,45195777,16.177,31.9,11.198,7.441,18933.907,0.6,191.032,5.5,16.2,27.7,,5.0,76.67,0.845,19.3454,0.2234,0.0,8.4102,0.9979,0.4693,6.0435,7.0421,10.2328,0.0,0.3779,0.0116,0.0528,0.0122,3.042,0.4378,3.0536,0.0,0.02,0.9541,4.3503,30.6559,28.5,4.6,4.356147387,0.108226635,3.905192058,0.342728695,45377000
6,ARM,Asia,Armenia,2021-05-12,219950.0,354.0,4272.0,74226.335,1441.668,2963234,102.931,35.7,11.232,7.571,8787.58,1.8,341.01,7.11,1.5,52.1,94.043,4.2,75.09,0.776,13.564,0.1833,0.0,7.2982,0.5783,0.2896,6.0989,2.2675,9.9407,0.2355,0.304,0.0899,0.1441,0.0055,2.0359,0.1863,2.6579,0.0,0.1108,0.4705,16.7019,36.4358,20.9,4.3,5.681224628,0.105345061,5.398410014,0.177469553,2956000
7,AUS,Oceania,Australia,2021-05-12,29955.0,9.0,910.0,1174.711,35.686,25499881,3.202,37.9,15.504,10.129,44648.71,0.5,107.791,5.07,13.0,16.5,,3.84,83.44,0.944,21.4175,0.3143,0.0033,5.4979,0.4428,1.4264,4.1883,6.7049,12.1018,0.5293,0.424,0.3694,0.0546,0.0458,2.7884,0.2928,2.5364,0.0,0.3176,1.2798,5.1406,28.5806,30.4,2.5,0.112025316,0.003529549,0.10128912,0.007206648,25754000
8,AUT,Europe,Austria,2021-05-12,633960.0,1194.0,10428.0,70389.945,1157.843,9006400,106.749,44.4,19.202,13.748,45436.686,0.7,145.183,6.35,28.4,30.9,,7.37,81.54,0.922,19.5654,0.8555,0.0011,6.2116,0.7884,0.7562,4.6069,4.681,12.3776,0.0005,0.1052,0.2683,0.0456,0.0494,3.0548,0.4106,2.6094,0.0,0.2367,0.8109,5.1098,30.4338,21.9,2.5,4.739982051,0.089679156,4.496870092,0.153432802,8914000
9,AZE,Asia,Azerbaijan,2021-05-12,328159.0,558.0,4726.0,32365.454,466.113,10139175,119.309,32.4,6.018,3.871,15847.419,,559.812,7.11,0.3,42.5,83.241,4.7,73.0,0.756,11.6416,0.2544,0.0,13.0898,0.5593,0.202,4.7988,2.1513,8.3212,0.0145,0.1534,0.0145,0.0347,0.0044,4.7041,0.0587,1.5523,0.0,0.1906,0.2235,10.0755,38.3584,19.9,2.5,2.285536209,0.031222794,2.225573803,0.028739612,10108000
10,BHS,North America,Bahamas,2021-05-12,10966.0,58.0,215.0,27885.711,546.729,393248,39.497,34.3,8.996,5.2,27717.847,,235.954,13.17,3.1,20.4,,2.9,73.92,0.814,11.4718,0.0062,0.0009,3.7246,0.625,2.4144,13.2718,5.9269,2.1757,2.9316,0.3218,0.6993,0.0504,0.0884,1.0547,0.1556,6.2151,0.0,0.0495,0.511,7.7649,38.5229,32.1,0.0,2.100763359,0.044783715,1.735114504,0.32086514,393000
11,BGD,Asia,Bangladesh,2021-05-12,777397.0,1140.0,12045.0,4720.383,73.138,164689383,1265.036,27.5,5.098,3.262,3523.984,14.8,298.003,8.38,1.0,44.7,34.808,0.8,72.59,0.632,5.1926,0.0156,0.0,29.8045,0.2957,2.5221,2.8655,0.4191,1.8778,0.0197,0.0633,0.082,0.7065,0.3195,5.3378,0.0529,0.9285,0.195,0.0934,0.7615,3.6405,44.8033,3.4,14.7,0.316691106,0.004823066,0.284343586,0.027524454,169809000
12,BRB,North America,Barbados,2021-05-12,3957.0,7.0,46.0,13769.657,160.072,287371,664.463,39.8,14.952,9.473,16978.068,,170.05,13.57,1.9,14.5,88.469,5.8,79.19,0.814,12.4976,0.2212,0.0,8.0666,0.7792,3.275,5.8723,5.8477,2.2041,3.302,0.1704,0.8734,0.6391,0.1565,4.0812,0.1721,4.3344,0.0,0.0852,0.8677,5.4725,37.5167,24.8,3.9,0.583972125,0.006271777,0.470034843,0.107665505,287000
13,BLR,Europe,Belarus,2021-05-12,371405.0,896.0,2661.0,39304.941,281.608,9449321,46.858,40.3,14.799,9.788,17167.967,,443.129,5.18,10.5,46.1,,11.0,74.79,0.823,12.7089,0.3353,0.0,6.2814,0.7565,0.8372,3.5665,4.1893,6.2104,0.5035,0.3795,0.072,0.001,0.0067,9.1691,0.1142,4.0155,0.0,0.1399,0.8804,8.7859,37.2904,26.6,2.5,2.740896,0.018912,2.612704,0.10928,9375000
14,BEL,Europe,Belgium,2021-05-12,1023583.0,3251.0,24630.0,88318.975,2125.178,11589616,375.564,41.8,18.571,12.849,42658.576,0.2,114.898,4.29,25.1,31.4,,5.64,81.63,0.931,17.7279,0.8559,0.001,6.6704,0.6487,1.1325,4.1623,3.237,11.6344,0.0,0.2185,0.0965,0.1132,0.0409,4.4157,0.2461,3.6514,0.0,0.1309,0.564,6.8161,32.2637,24.5,2.5,6.286322188,0.185427703,0.0,6.100894485,11515000
15,BLZ,North America,Belize,2021-05-12,12707.0,3.0,323.0,31957.568,812.331,397621,16.426,25.0,3.853,2.279,7824.362,,176.957,17.11,,,90.083,1.3,74.62,0.716,8.6856,0.0832,0.0,11.07,0.3923,1.0325,12.6094,3.489,3.6317,1.7653,0.0569,0.394,1.1259,0.0195,1.0614,0.0849,3.9798,0.0,0.034,1.0198,4.7721,41.3122,22.4,7.5,2.872792363,0.073031026,2.739618138,0.060143198,419000
16,BEN,Africa,Benin,2021-05-12,7995.0,0.0,101.0,659.479,8.331,12123198,99.11,18.8,3.244,1.942,2064.236,49.6,235.848,0.99,0.6,12.3,11.035,0.5,61.77,0.545,3.7504,0.0132,0.0,9.623,0.0711,1.2267,2.9523,1.4107,0.9458,0.145,0.0829,0.6628,0.7367,0.4461,19.7771,0.0042,0.6635,0.0,0.4028,0.7381,4.1964,46.2493,8.2,10.1,0.034343517,0.000450487,0.029183389,0.00470964,12209000
17,BOL,South America,Bolivia,2021-05-12,322578.0,2369.0,13308.0,27634.473,1140.064,11673029,10.202,25.4,6.704,4.393,6885.829,7.1,204.299,6.89,,,25.383,1.1,71.51,0.718,11.7799,0.0889,0.0,12.3079,0.6626,0.2307,7.5088,6.4098,4.2873,0.1661,0.1006,0.1374,0.3654,0.0422,7.7315,0.2083,2.5724,0.0,0.7084,0.3573,3.2224,38.2165,18.7,17.1,1.952445629,0.092435313,1.438614287,0.421396029,11633000
18,BIH,Europe,Bosnia and Herzegovina,2021-05-12,201796.0,284.0,8943.0,61507.888,2725.847,3280815,68.496,42.5,16.569,10.711,11713.895,0.2,329.635,10.08,30.2,47.7,97.164,3.5,77.4,0.78,12.4319,0.0585,0.0,8.7152,0.2576,0.2465,4.6409,1.8165,9.9443,0.486,0.1089,0.0963,0.2718,0.3922,4.0495,0.3504,1.6391,0.0,0.0822,0.4205,11.6394,37.5645,19.4,2.5,3.76208473,0.145534898,2.960316977,0.656232856,3281000
19,BWA,Africa,Botswana,2021-05-12,49041.0,0.0,751.0,20854.09,319.354,2351625,4.044,25.8,3.941,2.242,15807.374,,237.372,4.81,5.7,34.4,,1.8,69.59,0.735,14.4486,0.3402,0.0,11.432,0.1402,0.3551,2.8465,2.284,11.0217,1.6092,0.3056,0.2019,0.2729,0.1626,4.7614,0.1336,4.7857,0.0009,0.015,1.0065,4.0558,35.5491,16.1,26.4,1.014372033,0.007034959,0.844799309,0.162537764,2317000
20,BRA,South America,Brazil,2021-05-12,15359397.0,76692.0,428034.0,72259.314,2013.715,212559409,25.04,33.5,8.552,5.06,14103.452,3.4,177.961,8.11,10.1,17.9,,2.2,75.88,0.765,17.347,0.2803,0.0,8.4292,0.5042,0.5899,6.0936,6.4784,9.3416,0.0006,0.1512,0.7093,0.9254,0.0071,3.3959,0.3024,2.7755,1.0111,0.0513,1.2823,3.307,32.6537,22.3,2.5,4.460165146,0.108602912,3.979468585,0.372093649,211812000
21,BGR,Europe,Bulgaria,2021-05-12,412814.0,657.0,17150.0,59410.991,2468.178,6948445,65.18,44.7,20.801,13.272,18563.307,1.5,424.688,5.81,30.1,44.4,,7.454,75.05,0.816,17.2483,0.2488,0.0103,8.875,0.5924,0.4845,3.9812,4.0073,11.5992,0.2254,0.3058,0.345,0.1512,0.6048,1.8576,0.2818,2.3627,0.0,0.0797,0.7085,6.2037,32.7435,27.4,3.6,3.227255666,0.134416053,2.788956258,0.303883355,6927000
22,BFA,Africa,Burkina Faso,2021-05-12,13387.0,3.0,164.0,640.426,7.846,20903278,70.151,17.6,2.409,1.358,1703.102,43.7,269.048,2.42,1.6,23.9,11.877,0.4,61.58,0.452,4.6611,0.0231,0.0,21.2005,0.2406,0.7077,0.6596,1.2029,2.3195,0.1373,0.1664,1.8664,1.4294,0.0321,0.9723,0.0211,1.1287,0.0,0.0712,0.9503,1.5036,45.3359,4.5,20.0,0.053709994,0.000641056,0.048031383,0.005037554,20903000
23,CPV,Africa,Cabo Verde,2021-05-12,27029.0,320.0,238.0,48614.359,428.067,555988,135.58,25.7,4.46,3.437,6222.554,,182.219,2.42,2.1,16.5,,2.1,72.98,0.665,9.7559,0.0363,0.0029,14.7961,0.4602,1.0598,4.6402,3.0725,5.0192,1.119,0.105,0.5394,1.139,0.2731,3.843,0.1671,2.1396,0.0,0.0258,0.9471,6.6338,40.2437,10.6,12.6,2.586330935,0.024280576,2.461151079,0.100899281,556000
24,KHM,Asia,Cambodia,2021-05-12,20695.0,472.0,136.0,1237.815,8.134,16718971,90.672,25.6,4.412,2.385,3645.07,,270.892,4.0,2.0,33.7,66.229,0.8,69.82,0.594,6.08,0.0377,0.0,24.8906,0.131,4.2369,2.3184,1.2247,0.3285,0.4853,0.1211,0.79,0.4903,0.0784,3.0519,0.126,2.9923,0.8367,0.0238,0.2511,3.0072,43.9195,3.5,16.4,0.003058657,0.0,0.002929599,0.000129057,15497000
25,CMR,Africa,Cameroon,2021-05-12,74946.0,0.0,1152.0,2823.265,43.397,26545864,50.885,18.8,3.165,1.919,3364.926,23.8,244.661,7.2,,,2.735,1.3,59.29,0.563,2.933,0.0146,0.0,10.3112,0.0256,1.3206,7.2151,0.876,0.6289,0.0717,0.0673,0.8658,1.4734,0.283,11.3883,0.0234,0.6479,0.0,0.1324,0.6398,8.859,47.067,9.5,9.9,0.118031431,0.001782089,0.110914354,0.005334988,26598000
26,CAN,North America,Canada,2021-05-12,1314420.0,6557.0,24755.0,34826.308,655.898,37742157,4.037,41.4,16.984,10.797,44017.591,0.5,105.599,7.37,12.0,16.6,,2.5,82.43,0.929,16.0365,0.8084,0.006,6.4236,0.7668,1.2148,5.0692,4.4707,8.7596,0.6071,0.0097,0.4334,0.6304,0.0574,3.494,0.4053,5.0237,0.0,0.1439,1.3441,5.4961,33.9551,31.3,2.5,2.109960723,0.054202671,1.909848128,0.0,38190000
27,CAF,Africa,Central African Republic,2021-05-12,6866.0,192.0,95.0,1421.602,19.67,4829764,7.479,18.3,3.655,2.251,661.24,,435.727,6.1,,,16.603,1.0,53.28,0.397,6.9032,0.1228,0.0,3.8844,0.051,0.8041,4.5543,3.7346,1.7581,0.0614,0.4338,0.697,0.8936,0.0031,27.7128,0.2008,0.7022,0.0,0.0,0.724,1.9214,43.0942,6.3,59.6,0.103291925,0.001304348,0.101138716,0.000848861,4830000
28,TCD,Africa,Chad,2021-05-12,4891.0,3.0,172.0,297.762,10.471,16425859,11.833,16.7,2.486,1.446,1768.153,38.4,280.995,6.1,,,5.818,,54.24,0.398,12.2804,0.2023,0.0,21.6017,0.0495,1.0451,1.0669,3.8543,5.9037,0.064,1.2256,3.0304,1.4133,0.0,6.991,0.0087,1.3449,0.0,0.0,0.4556,0.9141,37.7189,4.8,37.5,0.020578302,0.000740653,0.016880962,0.002956687,16877000
29,CHL,South America,Chile,2021-05-12,1260448.0,3902.0,27384.0,65936.086,1432.502,19116209,24.282,35.4,11.087,6.938,22767.037,1.3,127.993,8.46,34.2,41.5,,2.11,80.18,0.851,15.0394,0.1782,0.0155,10.8579,0.7757,0.8711,3.9109,6.1492,6.9966,0.3024,0.0525,0.2588,0.2677,0.0133,4.7183,0.1353,3.5582,0.0,0.119,0.5435,5.3092,34.9584,28.8,2.7,3.84222907,0.097046739,3.626194145,0.0,19470000
30,CHN,Asia,China,2021-05-12,102671.0,11.0,4846.0,71.333,3.367,1439323774,147.674,38.7,10.641,5.929,15308.712,0.7,261.899,9.74,1.9,48.4,,4.34,76.91,0.761,13.424,0.0866,0.0542,8.9298,1.2059,3.3435,4.2451,6.0732,1.7962,1.3773,0.8643,0.4401,0.0704,0.0364,1.9016,0.1781,3.1065,0.0253,0.2665,0.579,13.099,36.5744,6.6,8.5,0.007155524,0.000343843,0.006685183,0.000126499,1402385000
31,COL,South America,Colombia,2021-05-12,3048719.0,16993.0,79261.0,59916.395,1557.714,50882884,44.223,32.2,7.646,4.312,13254.949,4.5,124.24,7.44,4.7,13.5,65.386,1.71,77.29,0.767,12.821,0.0814,0.0,8.1055,0.8132,0.4552,11.3276,3.554,7.7443,0.0776,0.1729,0.2276,0.3503,0.0343,5.0309,0.0057,4.7518,0.028,0.0947,0.9454,3.0981,37.1774,22.1,4.8,4.350794839,0.112638541,4.090144406,0.148011892,49444000
32,COG,Africa,Congo,2021-05-12,11343.0,0.0,148.0,2055.602,26.821,5518092,15.405,19.0,3.402,2.063,4881.406,37.0,344.094,7.2,1.7,52.3,47.964,,64.57,0.574,6.1258,0.0122,0.0,6.2564,0.0457,2.3945,4.0015,3.2735,0.0963,0.173,0.3044,0.3632,0.2408,0.0033,23.2457,0.0171,1.3907,0.0,0.0016,0.67,2.552,43.8709,8.4,40.3,0.57167452,0.014516129,0.379720913,0.177437477,5518000
33,CRI,North America,Costa Rica,2021-05-12,276887.0,3173.0,3482.0,54354.3,683.534,5094114,96.079,33.6,9.468,5.694,15524.995,1.3,137.973,8.78,6.4,17.4,83.841,1.13,80.28,0.81,18.677,0.1529,0.0007,8.6611,0.7582,1.3317,9.5203,3.8631,12.4535,0.0274,0.1161,0.2914,0.8354,0.0433,1.5676,0.3181,3.9006,0.0,0.0397,1.4363,2.9837,31.3238,25.7,4.8,3.843435727,0.052279397,3.055781647,0.735374682,5111000
34,CIV,Africa,Cote d'Ivoire,2021-05-12,46516.0,32.0,292.0,1763.421,11.07,26378275,76.399,18.7,2.933,1.582,3601.006,28.2,303.74,2.42,,,19.351,,57.78,0.538,2.9144,0.0132,0.0,11.4585,0.1587,1.3914,4.8741,0.9586,0.1285,0.0163,0.2648,0.6055,0.1727,0.1247,23.308,0.0759,0.7859,0.0,0.5443,0.8656,2.8098,47.0806,9.0,19.0,0.11295893,0.000618911,0.106105062,0.006234957,26175000
35,HRV,Europe,Croatia,2021-05-12,347094.0,1471.0,7589.0,84548.439,1848.6,4105268,73.726,44.0,19.724,13.053,22669.797,0.7,253.782,5.59,34.3,39.9,,5.54,78.49,0.851,17.311,0.2296,0.0005,5.7726,0.3955,0.9196,3.4094,3.6945,11.8824,0.0,0.1889,0.3494,0.0373,0.0236,1.8078,0.2458,3.088,0.0,0.0761,0.3808,12.5188,32.6838,27.1,2.5,5.848905473,0.127960199,5.648706468,0.072238806,4020000
36,CUB,North America,Cuba,2021-05-12,119375.0,1207.0,768.0,10539.335,67.805,11326616,110.408,43.1,14.738,9.719,,,190.968,8.27,17.1,53.3,85.198,5.2,78.8,0.783,10.0096,0.1202,0.0,9.9309,0.5263,0.3368,9.0347,3.2837,5.5971,0.0787,0.1456,0.5346,1.1336,0.0089,5.1555,0.0657,3.1617,0.0,0.0006,0.4535,8.374,39.9895,26.7,2.5,0.283760305,0.00206542,0.230821736,0.05087315,11281000
37,CYP,Europe,Cyprus,2021-05-12,70358.0,260.0,341.0,80326.613,389.314,875899,127.657,37.3,13.416,8.563,32415.132,,141.171,9.24,19.6,52.7,,3.4,80.98,0.887,16.1736,0.0277,0.0015,7.0646,0.5746,1.8209,6.198,5.3167,8.2744,1.4858,0.1584,0.4089,0.211,0.0307,1.7705,0.2387,4.2194,0.0,0.1781,1.1937,7.3888,33.8191,22.6,5.6,2.621706711,0.017481359,0.170422535,2.433802817,1207000
38,CZE,Europe,Czechia,2021-05-12,1648667.0,1686.0,29787.0,153951.795,2781.497,10708982,137.176,43.3,19.027,11.58,32605.906,,227.485,6.82,30.5,38.3,,6.63,79.38,0.9,17.8065,0.8945,0.0006,5.6937,0.4964,0.5355,3.3962,4.7618,10.983,0.1099,0.134,0.0949,0.1139,0.0316,3.3991,0.134,3.8081,0.0,0.0477,0.9854,4.5289,32.1944,28.5,2.5,9.612840612,0.159845091,8.555328481,0.89766704,10716000
39,DNK,Europe,Denmark,2021-05-12,262859.0,1246.0,2500.0,45381.524,431.615,5792203,136.52,42.3,19.677,12.325,46682.515,0.2,114.767,6.41,19.3,18.8,,2.5,80.9,0.94,23.2141,1.2415,0.001,6.7226,0.8206,1.1797,3.1098,3.6804,15.9557,0.0,0.3347,0.1185,0.0369,0.0774,3.1113,0.4069,2.8728,0.0,0.1138,0.0915,5.2431,26.7812,21.3,2.5,3.463218391,0.038016812,3.307359753,0.117841825,5829000
40,DJI,Africa,Djibouti,2021-05-12,11389.0,20.0,151.0,11527.305,152.834,988002,41.285,25.4,4.213,2.38,2705.406,22.5,258.037,6.05,1.7,24.5,,1.4,67.11,0.524,5.5215,0.0579,0.0,20.2702,0.1275,0.4276,3.2735,1.7428,2.9085,1.1831,0.2572,0.0568,1.5724,0.1506,1.8633,0.1309,4.2005,0.0,0.0406,1.6153,9.7637,44.4582,12.2,18.9,0.601315789,0.006376518,0.592307692,0.002631579,988000
41,DMA,North America,Dominica,2021-05-12,175.0,0.0,,2430.859,,71991,98.567,,,,9673.367,,227.376,11.62,,,,3.8,75.0,0.742,8.9011,0.0319,0.0,3.4014,0.1244,1.4188,19.3028,2.782,4.4217,0.6745,0.1219,1.1058,0.2255,0.1512,6.8477,0.2553,3.1738,0.0,0.0035,0.3797,4.6371,41.0989,28.2,6.2,0.168055556,0.0,0.152777778,0.015277778,72000
42,DOM,North America,Dominican Republic,2021-05-12,273497.0,688.0,3554.0,25211.967,327.621,10847904,222.873,27.6,6.981,4.419,14600.861,1.6,266.653,8.2,8.5,19.1,55.182,1.6,74.08,0.756,11.2417,0.1122,0.0006,6.9232,0.6445,0.6059,18.4431,3.5009,6.1202,0.0906,0.2567,1.1395,0.5881,0.026,2.0198,0.142,2.1332,0.0,0.0108,1.2948,2.7385,38.7577,26.9,9.5,2.115695238,0.02667619,1.577704762,0.511314286,10500000
43,ECU,South America,Ecuador,2021-05-12,404632.0,2037.0,19349.0,22934.344,1096.692,17643060,66.939,28.1,7.104,4.458,10581.936,3.6,140.448,5.55,2.0,12.3,80.635,1.5,77.01,0.759,15.3469,0.1277,0.0328,14.9132,0.6902,0.6893,8.039,4.0115,9.5745,0.1526,0.22,0.1765,0.157,0.0177,2.2701,0.0071,1.737,0.0,0.016,1.3777,2.4981,34.6522,19.3,7.9,1.468305636,0.085683285,1.198183999,0.184438353,17511000
44,EGY,Africa,Egypt,2021-05-12,240927.0,1187.0,14091.0,2354.311,137.696,102334403,97.999,25.3,5.159,2.891,10550.206,1.3,525.432,17.31,0.2,50.1,89.827,1.6,71.99,0.707,6.7374,0.0896,0.0,17.5311,0.2307,1.5844,6.9387,1.7583,2.7568,0.0187,0.317,0.6541,0.3063,0.0655,2.6919,0.0863,1.7984,2.0338,0.0268,0.3839,10.6559,43.2622,31.1,4.5,0.167758896,0.009527494,0.131002054,0.027229348,100803000
45,SLV,North America,El Salvador,2021-05-12,70915.0,535.0,2168.0,10933.21,334.248,6486201,307.811,27.6,8.273,5.417,7292.458,2.2,167.295,8.87,2.5,18.8,90.65,1.3,73.32,0.673,12.888,0.1113,0.0,11.7265,0.7533,0.573,5.9517,2.6337,8.7381,0.592,0.0794,1.4273,1.4661,0.0121,2.2462,0.2649,3.526,0.0,0.0155,0.4565,7.2703,37.1029,22.7,9.0,0.867721031,0.025813918,0.77813609,0.063771023,6481000
46,EST,Europe,Estonia,2021-05-12,126064.0,368.0,1210.0,95032.261,912.148,1326539,31.033,42.7,19.452,13.491,29481.252,0.5,255.569,4.02,24.5,39.3,,4.69,78.74,0.892,22.3154,0.4556,0.0005,6.3498,0.6145,0.7127,3.5061,3.081,17.3068,0.1501,0.1457,0.0518,0.1472,0.0576,3.2403,0.2121,2.3886,0.0,0.0886,0.3472,4.9558,27.6779,23.8,2.9,3.569646882,0.034259955,2.828549962,0.706836965,1331000
47,SWZ,Africa,Eswatini,2021-05-12,18492.0,5.0,671.0,15939.126,578.367,1160164,79.492,21.5,3.163,1.845,7738.975,,333.436,3.94,1.7,16.5,24.097,2.1,60.19,0.611,7.4118,0.1024,0.0019,14.7814,0.1578,0.3643,8.5537,2.5917,3.9299,0.6695,0.262,0.3005,0.3578,0.1615,5.3187,0.0648,3.1796,0.0,0.0892,0.3258,2.5701,42.5816,13.5,20.6,1.46567029,0.054710145,1.038858696,0.372101449,1104000
48,ETH,Africa,Ethiopia,2021-05-12,264367.0,695.0,3938.0,2299.572,34.254,114963583,104.957,19.8,3.526,2.063,1729.927,26.7,182.634,7.47,0.4,8.5,7.96,0.3,66.6,0.485,5.2956,0.0276,0.0,22.0779,0.0594,0.0608,1.1774,0.7462,4.2647,0.018,0.1382,0.2322,3.0195,0.4298,11.2918,0.2957,1.317,0.0,0.0802,0.4699,1.8449,44.6989,3.6,20.6,0.12309252,0.001866581,0.109237182,0.011988757,114916000
49,FJI,Oceania,Fiji,2021-05-12,161.0,9.0,3.0,179.599,3.347,896444,49.562,28.6,6.224,3.284,8702.975,1.4,412.82,14.49,10.2,34.8,,2.3,67.44,0.743,7.8511,0.2922,0.0021,10.144,0.2682,2.3832,2.1636,3.0004,1.7421,0.2586,0.1642,4.3799,0.7746,0.05,7.8599,0.1238,9.7259,0.0,0.0157,0.8683,3.9255,42.1469,30.0,3.7,0.00625,0.000223214,0.005915179,0.000111607,896000
50,FIN,Europe,Finland,2021-05-12,89270.0,280.0,930.0,16111.63,167.848,5540718,18.136,42.8,21.228,13.264,40585.721,,153.507,5.76,18.3,22.6,,3.28,81.91,0.938,26.8865,0.519,0.0,5.1978,0.3979,1.5306,3.1864,3.4915,20.8378,0.7944,0.1097,0.0883,0.0533,0.0168,2.7671,0.545,1.8388,0.0,0.046,0.2468,3.8325,23.1132,24.9,2.5,0.854801953,0.01244348,0.560680051,0.281678423,5529000
51,FRA,Europe,France,2021-05-12,5882882.0,21498.0,107280.0,87070.927,1587.822,67564251,122.578,42.0,19.718,13.079,38605.671,,86.06,4.77,30.1,35.6,,5.98,82.66,0.901,21.7097,0.7907,0.0011,6.9951,0.611,1.8214,4.878,4.4005,13.784,0.1918,0.301,0.1479,0.0991,0.0164,2.6963,0.2925,2.611,0.0,0.2093,0.8675,5.1223,28.2903,23.2,2.5,5.199054512,0.121558362,0.367876501,4.709619649,64940000
52,PYF,Oceania,French Polynesia,2021-05-11,,,,,,280904,77.324,32.7,7.775,4.593,,,,22.63,,,,,77.66,,14.3585,0.0309,0.0169,7.6479,0.5386,3.4809,4.3512,7.0798,2.9364,3.2613,0.2748,3.1818,0.1452,0.0111,3.5436,0.126,2.8715,0.6809,0.0405,0.9675,4.0992,35.6559,0.0,4.2,0.0,0.0,0.0,0.0,280000
53,GAB,Africa,Gabon,2021-05-12,23734.0,169.0,143.0,10663.477,64.249,2225728,7.859,23.1,4.45,2.976,16562.413,3.4,259.967,7.2,,,,6.3,66.47,0.703,8.1825,0.0109,0.0,9.1158,0.0701,2.2578,9.0341,4.32,0.9486,0.4751,0.5758,0.8509,0.0139,0.0015,11.8727,0.0212,1.2508,0.1248,0.0051,0.4824,2.3979,41.8004,13.4,10.5,0.513536531,0.003182429,0.483953384,0.026400717,2231000
54,GMB,Africa,Gambia,2021-05-12,5934.0,0.0,175.0,2455.451,72.414,2416664,207.566,17.5,2.339,1.417,1561.767,10.1,331.43,1.91,0.7,31.2,7.876,1.1,62.05,0.496,10.1417,0.0114,0.0,21.8908,0.2008,3.9197,0.8742,1.1134,4.8167,0.9824,0.0812,3.1637,0.1281,0.0043,0.8614,0.2719,4.1176,0.0,0.0897,2.2026,2.4575,39.8291,8.7,10.2,0.175299959,0.005544063,0.160777824,0.008978072,2417000
55,GEO,Asia,Georgia,2021-05-12,325665.0,1409.0,4363.0,81637.181,1093.71,3989175,65.032,38.7,14.864,10.244,9745.079,4.2,496.218,7.11,5.3,55.5,,2.6,73.77,0.812,15.5347,0.2356,0.0,15.6253,0.5032,0.6622,3.1735,2.6217,11.3605,0.7882,0.1507,0.084,0.0025,0.0247,3.7542,0.2397,3.311,0.0,0.1631,0.668,4.0993,34.4636,23.3,7.9,7.042261104,0.087994616,6.805248991,0.149017497,3715000
56,DEU,Europe,Germany,2021-05-12,3564494.0,6590.0,85451.0,42543.879,1019.897,83783945,237.016,46.6,21.453,15.957,45229.245,,156.139,8.31,28.2,33.1,,8.0,81.33,0.947,20.8485,0.6715,0.0011,6.0363,0.5947,0.6758,3.6131,4.6524,14.1789,0.0,0.0747,0.1701,0.0419,0.0429,3.5712,0.3493,2.507,0.0,0.1903,0.8104,5.0542,29.1443,25.7,2.5,2.74310084,0.073890756,2.451366146,0.217843938,83300000
57,GHA,Africa,Ghana,2021-05-12,93125.0,114.0,783.0,2996.98,25.199,31072945,126.719,21.1,3.385,1.948,4227.63,12.0,298.245,4.97,0.3,7.7,41.047,0.9,64.07,0.611,2.8956,0.0088,0.0,6.323,0.0705,1.4992,10.4274,0.8069,0.4178,0.1657,0.0917,0.7957,0.392,0.238,24.6325,0.0053,0.8128,0.2815,0.0364,0.3655,1.6849,47.1041,9.7,5.5,0.225424002,0.001444984,0.204363917,0.0196151,31073000
58,GRC,Europe,Greece,2021-05-12,369554.0,2478.0,11211.0,35455.436,1075.596,10423056,83.479,45.3,20.396,14.524,24574.382,1.5,175.695,4.55,35.3,52.0,,4.21,82.24,0.888,17.6914,0.2116,0.0005,7.2801,0.4539,1.026,6.3296,3.7836,12.0221,0.0596,0.1947,0.8112,0.2539,0.0243,3.1307,0.256,1.7744,0.0,0.6676,1.5237,7.9134,32.3038,27.4,2.5,1.52535514,0.055616822,0.876299065,0.593439252,10700000
59,GRD,North America,Grenada,2021-05-12,161.0,1.0,1.0,1430.869,8.887,112519,317.132,29.4,7.304,5.021,13593.877,,243.964,10.71,,,,3.7,72.4,0.779,12.1319,0.1276,0.0019,7.6569,0.9226,2.5802,11.0608,5.6546,2.7183,1.2873,0.1266,1.3768,0.6417,0.3171,2.2222,0.1104,5.448,0.0,0.0143,0.9959,3.6085,37.8648,20.2,0.0,0.130973451,0.000884956,0.12920354,0.000884956,113000
60,GTM,North America,Guatemala,2021-05-12,237682.0,1416.0,7815.0,13266.786,436.213,17915567,157.834,22.9,4.694,3.016,7423.808,8.7,155.898,10.18,,,76.665,0.6,74.3,0.663,10.3765,0.0957,0.0,15.1579,1.4676,0.2807,6.7124,3.9589,4.4093,0.0348,0.1632,0.5276,1.6504,0.0403,1.3316,0.2872,5.3058,0.0,0.198,0.8747,5.7997,39.624,18.8,15.2,0.901898594,0.03240341,0.824294254,0.04520093,18066000
61,GIN,Africa,Guinea,2021-05-12,22719.0,0.0,151.0,1729.944,11.498,13132792,51.755,19.0,3.135,1.733,1998.926,35.3,336.717,2.42,,,17.45,0.3,61.6,0.477,3.8776,0.0213,0.0,17.2911,0.1648,0.8939,7.9395,1.1561,1.4724,0.2312,0.1692,0.9506,0.3925,0.0,11.7958,0.1196,1.3368,0.0,0.0009,1.3271,4.4286,46.1202,6.6,16.5,0.116759554,0.00066879,0.114012739,0.002078025,12560000
62,GNB,Africa,Guinea-Bissau,2021-05-12,3741.0,0.0,67.0,1900.917,34.045,1967998,66.191,19.4,3.002,1.565,1548.675,67.1,382.474,2.42,,,6.403,,58.32,0.48,4.9295,0.0423,0.0,21.6069,0.1038,0.1666,6.366,2.2155,2.1899,0.5331,0.2114,0.328,0.2499,0.0013,8.1087,0.0167,0.7893,0.0,0.4485,1.8016,2.3642,45.0666,8.2,28.0,0.143850545,0.00238713,0.125947068,0.015516347,1927000
63,GUY,South America,Guyana,2021-05-12,14659.0,128.0,331.0,18636.873,420.82,786559,3.952,26.3,5.305,2.837,7435.047,,373.159,11.62,,,77.159,1.6,69.91,0.682,9.1155,0.0206,0.0,9.7847,0.1038,1.7011,5.7954,2.5237,4.7277,0.3516,0.0385,1.8367,0.3907,0.1942,1.8384,0.0742,3.2325,0.0,0.0435,0.2779,15.2061,40.8722,19.2,8.1,1.008767471,0.022871665,0.884625159,0.101270648,787000
64,HTI,North America,Haiti,2021-05-12,13227.0,48.0,266.0,1160.005,23.328,11402533,398.448,24.3,4.8,2.954,1653.173,23.5,430.548,6.65,2.9,23.1,22.863,0.7,64.0,0.51,3.5986,0.0402,0.0,13.4196,0.0525,0.5064,12.0278,1.9687,0.8765,0.3309,0.1532,0.4829,2.0067,0.0022,11.48,0.3801,2.0961,0.0,0.0,0.8742,2.0302,46.3997,20.5,49.3,0.103113216,0.002148557,0.080294659,0.020669999,11403000
65,HND,North America,Honduras,2021-05-12,222992.0,874.0,5853.0,22513.965,590.937,9904608,82.805,24.9,4.652,2.883,4541.795,16.0,240.208,7.21,2.0,,84.169,0.7,75.27,0.634,13.6048,0.1378,0.0,14.1699,0.4601,0.3339,6.8464,3.508,9.0154,0.6923,0.1505,0.1749,1.3962,0.0138,0.6796,0.4686,5.9591,0.0,0.0276,1.2467,2.6599,36.3883,19.4,12.9,1.560269667,0.037611517,0.626368613,0.896289538,9864000
66,HUN,Europe,Hungary,2021-05-12,793784.0,905.0,28888.0,82169.28,2990.368,9660350,108.043,43.4,18.577,11.976,26777.561,0.5,278.296,7.55,26.8,34.8,,7.02,76.88,0.854,20.0268,1.0595,0.0007,7.5908,0.8885,0.4113,3.0852,5.2042,12.4568,0.0039,0.0052,0.0679,0.1906,0.1802,3.046,0.1031,2.5433,0.0,0.0183,0.7214,5.6788,29.9644,28.6,2.5,3.840739224,0.133367462,2.845797072,0.86157469,9767000
67,ISL,Europe,Iceland,2021-05-12,6526.0,4.0,29.0,19123.81,84.982,341250,3.404,37.3,14.431,9.207,46482.958,0.2,117.992,5.31,14.3,15.2,,2.91,82.99,0.949,23.97,0.9461,0.0025,4.1196,0.5557,4.6117,4.8405,4.6269,13.0028,1.4022,0.2232,0.1759,0.0376,0.0676,1.9909,0.4626,3.9472,0.0,0.0752,0.4667,3.6874,26.0331,23.1,2.5,1.636141304,0.007880435,1.619293478,0.008967391,368000
68,IND,Asia,India,2021-05-12,23703665.0,362727.0,258317.0,17176.514,187.186,1380004385,450.419,28.2,5.989,3.414,6426.674,21.2,282.28,10.39,1.9,20.6,59.55,0.53,69.66,0.645,11.3357,0.0028,0.0,17.3821,0.3061,0.6499,5.4333,0.356,9.9889,0.0,0.0311,0.728,1.5709,0.3268,2.7906,0.0753,1.7471,0.0,0.1526,0.7487,7.5213,38.6568,3.8,14.5,0.77325641,0.011070352,0.751560674,0.010625384,1400100000
69,IDN,Asia,Indonesia,2021-05-12,1728204.0,4608.0,47617.0,6318.299,174.087,273523621,145.725,29.3,5.319,3.053,11188.744,5.7,342.864,6.32,2.8,76.1,64.204,1.04,71.72,0.718,6.2575,0.0309,0.0009,24.3918,0.4911,3.9386,5.5134,1.0316,0.5943,0.0026,0.1702,2.2113,0.0988,0.1508,4.6343,0.0406,1.8481,0.0,0.0564,0.8579,3.8558,43.7438,6.9,8.3,0.422099883,0.01155263,0.345619878,0.064927375,271739000
70,IRN,Asia,Iran,2021-05-12,2707761.0,16409.0,75934.0,32237.955,904.052,83992953,49.831,32.4,5.44,3.182,19082.62,0.2,270.308,9.59,0.8,21.1,,1.5,76.68,0.783,7.9295,0.5369,0.002,14.0141,0.4916,0.7813,7.9235,2.3965,3.5808,0.0007,0.1405,0.054,0.4729,0.0559,3.2877,0.1299,2.198,0.0,0.6421,0.7706,12.5207,42.0701,25.5,4.9,1.734248366,0.069414141,1.482322044,0.182512181,84150000
71,IRQ,Asia,Iraq,2021-05-12,1127580.0,4666.0,15855.0,28033.561,394.182,40222503,88.125,20.0,3.186,1.957,15663.986,2.5,218.612,8.83,,,94.576,1.4,70.6,0.674,6.2809,0.0423,0.0,24.0855,1.2467,0.445,6.4975,2.5171,1.9902,0.3975,0.0396,0.3037,0.4807,0.0304,1.0842,0.1783,3.3755,0.0,0.1268,2.0139,4.9563,43.7165,27.4,29.0,1.579398364,0.033004405,1.508286973,0.038106986,39725000
72,IRL,Europe,Ireland,2021-05-12,254013.0,446.0,4937.0,51442.587,999.839,4937796,69.874,38.7,13.928,8.678,67335.293,0.2,126.459,3.28,23.0,25.7,,2.96,82.3,0.955,18.5712,0.871,0.0005,6.3057,0.4653,1.1942,3.3996,4.0102,11.9469,0.2951,0.0831,0.1733,0.1325,0.0362,3.5362,0.1855,4.0147,0.0,0.0836,0.7497,4.951,31.4242,26.9,2.5,4.048530881,0.073435938,0.4669998,3.508095143,5003000
73,ISR,Asia,Israel,2021-05-12,839030.0,30.0,6379.0,96935.593,736.985,8655541,402.606,30.6,11.733,7.359,33132.32,0.5,93.32,6.74,15.4,35.4,,2.99,82.97,0.919,18.7463,0.1026,0.0017,7.6277,0.5664,1.4696,6.3746,5.5003,10.9066,0.2602,0.2007,0.5233,0.364,0.0278,1.9975,0.2619,1.7747,0.0,0.2262,1.6743,8.8586,31.2472,26.7,2.5,7.439051649,0.055023872,6.609635417,0.774392361,9216000
74,ITA,Europe,Italy,2021-05-12,4131078.0,7848.0,123544.0,68325.39,2043.339,60461828,205.859,47.9,23.021,16.24,35220.084,2.0,113.151,4.78,19.8,27.8,,3.18,83.51,0.892,19.0329,0.2834,0.0005,8.5417,0.6247,1.5816,6.0207,4.2963,12.1258,0.0403,0.1194,0.1836,0.2781,0.0064,1.9043,0.2946,1.7175,0.0,0.423,1.4224,6.9463,30.9671,22.9,2.5,4.353685153,0.150927093,3.494528659,0.708229402,60296000
75,JAM,North America,Jamaica,2021-05-12,46922.0,101.0,820.0,15845.812,276.918,2961161,266.879,31.4,9.684,6.39,8193.571,,206.537,11.28,5.3,28.6,66.425,1.7,74.47,0.734,11.9958,0.2074,0.0074,8.5031,0.1457,1.8692,8.0661,4.3372,5.217,0.6952,0.2111,0.999,0.2177,0.3752,4.5837,0.1677,4.6889,0.0,0.011,0.7584,6.4772,38.0023,24.4,8.0,0.599537202,0.012709149,0.435208259,0.151619794,2809000
76,JPN,Asia,Japan,2021-05-12,660884.0,7521.0,11148.0,5225.352,88.143,126476458,347.778,48.2,27.049,18.493,39002.223,,79.37,5.72,11.2,33.7,,13.05,84.63,0.919,15.3194,0.0751,0.1088,12.1692,1.696,3.9283,2.8618,4.2599,5.063,0.2962,0.1883,0.7737,0.1287,0.1036,2.2072,0.3731,2.2055,0.228,0.0812,1.3445,7.8669,34.6776,4.4,2.5,0.320820532,0.005059262,0.284769821,0.03099145,125967000
77,JOR,Asia,Jordan,2021-05-12,721853.0,0.0,9151.0,70748.123,896.881,10203140,109.285,23.2,3.81,2.361,8337.49,0.1,208.257,11.75,,,,1.4,74.53,0.729,9.3186,0.1162,0.0,14.138,0.3344,0.5985,4.6624,3.8651,4.2637,0.3579,0.1397,0.728,0.6393,0.0469,2.1431,0.3742,4.7276,0.0,0.1652,1.9861,10.6308,40.6798,33.4,12.2,3.126275869,0.04091207,2.991759528,0.09360427,10679000
78,KAZ,Asia,Kazakhstan,2021-05-12,404348.0,2456.0,3387.0,21534.553,180.383,18776707,6.681,30.6,6.991,4.625,24055.588,0.1,466.792,7.11,7.0,43.1,98.999,6.7,73.6,0.825,19.1598,0.3611,0.0,6.5119,0.4584,0.2393,3.2145,3.4501,14.3591,0.2967,0.2914,0.1154,0.0255,0.0106,5.4755,0.1319,1.456,0.0,0.0845,1.1215,10.2055,30.8394,21.3,2.5,1.299402093,0.016650651,1.137764254,0.144987188,18732000
79,KEN,Africa,Kenya,2021-05-12,164386.0,410.0,2950.0,3057.133,54.862,53771300,87.324,20.0,2.686,1.528,2993.028,36.8,218.637,2.92,1.2,20.4,24.651,1.4,66.7,0.601,11.4394,0.1175,0.0,15.1221,0.1447,0.4329,4.6941,1.7336,8.7987,0.025,0.211,0.2686,1.751,0.0174,7.5828,0.223,1.8098,0.0,0.0892,0.6689,4.345,38.5589,6.0,29.4,0.18997534,0.00331789,0.157491406,0.029166044,53528000
80,KWT,Asia,Kuwait,2021-05-12,288184.0,985.0,1669.0,67481.501,390.815,4270563,232.128,33.7,2.345,1.114,65530.537,,132.235,15.84,2.7,37.0,,2.0,75.49,0.806,10.7213,0.0022,0.0022,11.4132,1.3306,0.8343,5.3058,4.877,3.4788,0.8554,0.1969,0.2783,0.4353,0.202,3.2296,0.2696,2.9163,0.0276,0.1512,1.1976,12.9953,39.275,37.0,2.8,3.624728203,0.020549989,3.434086549,0.170091665,4691000
81,KGZ,Asia,Kyrgyzstan,2021-05-12,99316.0,283.0,1675.0,15222.73,256.737,6524191,32.333,26.3,4.489,2.882,3393.474,1.4,436.362,7.11,3.6,50.5,89.22,4.5,71.45,0.697,15.4588,0.191,0.0,10.1059,0.2653,0.07,2.2846,1.8707,12.8008,0.2076,0.2604,0.0098,0.3439,0.0197,5.8068,0.0608,3.2495,0.0,0.1449,0.355,11.3219,34.5412,15.4,7.1,1.28892933,0.021580224,1.236609039,0.030740067,6594000
82,LAO,Asia,Laos,2021-05-12,1417.0,55.0,1.0,194.762,0.137,7275556,29.715,24.4,4.029,2.322,6397.36,22.7,368.111,4.0,7.3,51.2,49.839,1.5,67.92,0.613,3.6579,0.0979,0.0006,16.3943,0.1063,1.4213,8.8158,1.7111,0.1632,0.3404,0.1581,0.3584,0.1485,0.1317,3.4835,0.9869,1.1101,1.9254,0.0028,0.2149,11.641,46.3416,4.5,16.5,0.000621375,0.0,0.000566142,5.52e-05,7242000
83,LVA,Europe,Latvia,2021-05-12,125689.0,729.0,2223.0,66636.023,1178.559,1886202,31.212,43.9,19.754,14.136,25063.846,0.7,350.06,4.91,25.6,51.0,,5.57,75.29,0.866,18.8216,1.1805,0.0005,6.3952,0.6645,1.3226,2.5738,3.6559,11.8285,0.2596,0.1686,0.1107,0.0032,0.0122,6.5835,0.1963,2.6169,0.0,0.0793,0.699,6.1946,31.1757,25.7,2.5,3.749737119,0.069768665,3.122975815,0.556992639,1902000
84,LBN,Asia,Lebanon,2021-05-12,534388.0,703.0,7549.0,78293.538,1106.009,6825442,594.561,31.1,8.514,5.43,13367.565,,266.591,12.71,26.9,40.7,,2.9,78.93,0.744,8.0679,0.0796,0.0,11.8253,0.173,0.7091,6.9852,1.9469,5.0748,0.0747,0.0853,0.5052,0.5011,0.0406,3.2676,0.3647,5.1366,0.0,0.5271,1.4807,10.5128,41.9252,31.3,11.0,4.656937729,0.052190476,2.947062271,1.657684982,6825000
85,LSO,Africa,Lesotho,2021-05-12,10774.0,1.0,319.0,5029.287,148.909,2142252,73.562,22.2,4.506,2.647,2851.153,59.6,405.126,3.94,0.4,53.9,2.117,,54.33,0.527,6.0914,0.0233,0.0,23.4645,0.1204,0.2383,1.8065,2.529,2.7893,0.3898,0.3924,0.0725,1.1603,0.1165,7.1935,0.0363,2.2079,0.0,0.0052,0.6786,3.3721,43.8988,13.5,13.1,0.437908497,0.008543417,0.126330532,0.303034547,2142000
86,LBR,Africa,Liberia,2021-05-12,2114.0,0.0,85.0,417.978,16.806,5057677,49.127,19.2,3.057,1.756,752.788,38.6,272.509,2.42,1.5,18.1,1.188,0.8,64.1,0.48,3.7603,0.0264,0.0,16.1465,0.1598,0.7764,5.3606,2.4123,0.1545,0.2997,0.2311,0.4159,0.0977,0.0013,15.3608,0.0132,1.1236,1.1804,0.0779,1.9567,3.1728,46.2383,8.6,37.2,0.038671412,0.001660735,0.034994069,0.002016607,5058000
87,LTU,Europe,Lithuania,2021-05-12,261128.0,1266.0,4059.0,95922.148,1491.024,2722291,45.135,43.5,19.002,13.778,29524.265,0.7,342.989,3.67,21.3,38.0,,6.56,75.93,0.882,23.049,0.5316,0.0009,6.4732,0.7,1.5431,2.4007,3.7899,16.3529,0.0126,0.1301,0.0867,0.4388,0.0546,2.2766,0.2164,4.502,0.0,0.055,0.4924,4.4045,26.9471,28.4,2.5,6.667072298,0.1047602,4.939620616,1.622691482,2794000
88,LUX,Europe,Luxembourg,2021-05-12,68748.0,196.0,806.0,109825.297,1287.589,625976,231.447,39.7,14.312,9.842,94277.965,0.2,128.275,4.42,20.9,26.0,,4.51,82.25,0.916,14.6038,0.5443,0.0051,5.1366,0.7875,1.6249,4.4841,4.0469,7.4929,0.3877,0.1036,0.1658,0.0399,0.0586,2.2067,1.2823,8.1121,0.0,0.0308,0.563,4.8536,35.3838,24.2,2.5,8.150632911,0.09335443,7.661550633,0.395727848,632000
89,MDG,Africa,Madagascar,2021-05-12,39510.0,159.0,738.0,1426.816,26.651,27691019,43.951,19.6,2.929,1.686,1416.44,77.6,405.994,3.94,,,50.54,0.2,67.04,0.528,4.9125,0.0415,0.0024,19.9604,0.077,0.6267,5.0701,1.4618,2.5031,0.0782,0.2002,0.1848,0.3708,0.0486,14.4675,0.2085,1.0922,0.5852,0.0261,0.3115,1.8871,45.0869,4.5,44.4,0.068849085,0.00101477,0.065779495,0.002054819,27691000
90,MWI,Africa,Malawi,2021-05-12,34183.0,0.0,1153.0,1786.883,60.272,19129955,197.519,18.1,2.979,1.783,1095.042,71.4,227.349,3.94,4.4,24.7,8.704,1.3,64.26,0.483,2.7754,0.0814,0.0,10.6197,0.0829,0.697,8.4723,1.4923,0.2524,0.0396,0.1695,0.5436,1.1841,0.0139,20.2901,0.0389,0.6412,0.0,0.0161,0.204,3.9786,47.2242,4.7,17.5,0.140486147,0.004375327,0.059320439,0.076790382,19130000
91,MYS,Asia,Malaysia,2021-05-12,453222.0,4765.0,1761.0,14003.029,54.409,32365998,96.254,29.9,6.293,3.407,26808.164,0.1,260.942,16.74,1.0,42.4,,1.9,76.16,0.81,12.6354,0.0882,0.0204,17.3088,1.6596,5.3482,4.1713,4.9092,0.53,0.1541,0.0789,0.5801,0.2617,0.4502,1.6568,0.1012,3.903,0.0,0.0835,1.6336,6.1678,37.3632,15.3,2.5,0.728229767,0.002614319,0.57036088,0.155254568,32781000
92,MDV,Asia,Maldives,2021-05-12,40092.0,1572.0,87.0,74170.0,160.95,540542,1454.433,30.6,4.12,2.875,15183.616,,164.905,9.19,2.1,55.0,95.803,,78.92,0.74,14.2704,0.0029,0.0068,11.5385,1.1422,8.7959,6.0777,2.0051,2.3155,3.0315,0.0019,0.2082,0.0808,0.3434,1.6403,0.396,2.979,0.1002,0.7569,0.1819,7.718,35.7208,7.9,10.3,3.078743068,0.009981516,2.690573013,0.37818854,541000
93,MLI,Africa,Mali,2021-05-12,14149.0,16.0,507.0,698.687,25.036,20250834,15.196,16.4,2.519,1.486,2014.306,,268.024,2.42,1.6,23.0,52.232,0.1,59.31,0.434,10.1637,0.0444,0.0,19.8566,0.0573,0.7543,3.8991,1.9124,7.1206,0.1841,0.2746,0.491,0.7955,0.0638,2.6772,0.0614,0.8811,0.0,0.2374,0.5144,7.2943,39.8262,7.1,6.3,0.040294306,0.001669053,0.02989482,0.008730433,20251000
94,MLT,Europe,Malta,2021-05-12,30469.0,5.0,417.0,69006.362,944.424,441539,1454.037,42.4,19.426,11.324,36513.323,0.2,168.711,8.83,20.9,30.2,,4.485,82.53,0.895,13.6092,0.2062,0.0017,7.8996,0.6714,1.7922,4.631,4.6096,6.2546,0.0315,0.0747,0.2899,0.2197,0.0331,2.059,0.2101,5.2164,0.0,0.1236,0.486,11.2856,36.3899,31.0,2.5,3.55862069,0.053448276,3.045210728,0.459961686,522000
95,MRT,Africa,Mauritania,2021-05-12,18745.0,54.0,457.0,4031.478,98.287,4649660,4.289,20.3,3.138,1.792,3597.633,6.0,232.347,2.42,,,15.95,,64.92,0.546,15.0193,0.1127,0.0,20.4873,0.2539,1.0025,1.2991,3.3994,9.825,0.7519,0.4279,0.0799,1.0999,0.0066,1.0168,0.3677,4.3166,0.0,0.0,1.5716,3.9784,34.9779,11.3,10.4,0.36111828,0.009139785,0.343763441,0.008215054,4650000
96,MUS,Africa,Mauritius,2021-05-12,1266.0,9.0,17.0,995.465,13.367,1271767,622.962,37.4,10.945,5.884,20292.745,0.5,224.644,22.02,3.2,40.7,,3.4,74.99,0.804,9.27,0.0074,0.0102,17.1855,0.591,2.1303,3.568,4.6992,1.7166,1.0545,0.1173,0.4479,0.856,0.1847,1.8348,0.1625,3.568,0.0,0.0369,2.049,6.7122,40.7175,11.5,6.5,0.046166008,0.000790514,0.042687747,0.002687747,1265000
97,MEX,North America,Mexico,2021-05-12,2371483.0,3090.0,219590.0,18393.177,1703.136,128932753,66.444,29.3,6.857,4.321,17336.469,2.5,152.783,13.06,6.9,21.4,87.847,1.38,75.05,0.779,15.1527,0.1672,0.0201,11.4325,1.2967,0.9656,7.6794,4.3561,7.9917,0.0275,0.3552,0.1947,0.7071,0.1121,1.1644,0.0248,3.2266,0.0,0.1121,0.6856,5.0713,34.8456,28.4,3.6,1.507199199,0.129731126,1.159804996,0.217663078,127792000
98,MNG,Asia,Mongolia,2021-05-12,47033.0,585.0,193.0,14346.8,58.872,3278292,1.98,28.6,4.031,2.421,11840.846,0.5,460.043,4.82,5.5,46.5,71.18,7.0,69.87,0.737,25.8904,0.3846,0.0,10.1415,0.3727,0.044,1.0413,8.0929,15.856,0.5962,1.1411,0.0266,0.0366,0.0037,2.6155,0.1401,1.468,0.0,0.0137,0.555,4.3326,24.1046,19.6,13.4,0.06019042,5.95e-05,0.043112169,0.017018744,3361000
99,MNE,Europe,Montenegro,2021-05-12,98546.0,97.0,1548.0,156904.892,2464.725,628062,46.28,39.1,14.762,9.395,16409.288,1.0,387.305,10.08,44.0,47.9,,3.861,76.88,0.829,22.8328,0.2067,0.0014,5.0447,0.5542,0.6472,5.7297,3.3604,17.9487,0.847,0.1132,0.0865,0.2113,0.0175,1.1955,0.2605,6.0418,0.0,0.0948,0.4258,5.0001,27.1612,24.9,2.5,10.40819936,0.134405145,9.039871383,1.23392283,622000
100,MAR,Africa,Morocco,2021-05-12,514432.0,268.0,9088.0,13937.259,246.217,36910558,80.08,29.6,6.769,4.209,7485.013,1.0,419.146,7.14,0.8,47.1,,1.1,76.68,0.686,8.4754,0.1449,0.0,18.7029,0.4848,1.3901,7.211,2.5074,3.754,0.0079,0.1949,0.1892,0.3306,0.1185,3.4356,0.2042,2.6816,0.0,0.2549,0.8168,7.286,41.5224,25.6,3.4,1.321111482,0.023311638,1.2625751,0.035224744,35952000
101,MOZ,Africa,Mozambique,2021-05-12,70287.0,20.0,826.0,2248.793,26.427,31255435,37.728,17.7,3.158,1.87,1136.103,62.9,329.942,3.3,5.1,29.1,12.227,0.7,60.85,0.456,4.0111,0.0297,0.0,13.1904,0.1932,1.1353,2.8312,0.9302,1.6385,0.1565,0.0852,0.1258,1.2809,0.004,22.2864,0.105,1.0649,0.0,0.2011,0.7509,2.7738,45.9864,6.0,27.9,0.141538856,0.00144709,0.085959058,0.054132709,31166000
102,MMR,Asia,Myanmar,2021-05-12,142997.0,23.0,3211.0,2628.148,59.015,54409794,81.721,29.1,5.732,3.12,5591.597,6.4,202.104,4.61,6.3,35.2,79.287,0.9,67.13,0.583,13.5188,0.1751,0.0034,16.7608,0.4613,4.0424,4.0287,4.9753,3.6306,0.3391,0.2298,1.1003,1.2806,0.217,1.4514,0.2298,2.8592,0.0,0.2913,0.6322,7.0725,36.4807,5.7,10.6,0.0,0.0,0.0,0.0,54704000
103,NAM,Africa,Namibia,2021-05-12,50515.0,214.0,702.0,19880.626,276.278,2540916,3.078,22.0,3.552,2.085,9541.808,13.4,243.811,3.94,9.7,34.2,44.6,,63.71,0.646,9.6094,0.1134,0.0053,9.9189,0.1196,1.0164,3.1266,2.6844,5.4479,0.7228,0.2207,0.0818,0.7298,0.1266,12.8231,0.0888,3.9848,0.0009,0.0114,0.9531,2.3626,40.38,15.0,27.3,1.371271153,0.014600551,1.312829595,0.043841007,2541000
104,NPL,Asia,Nepal,2021-05-12,422349.0,9238.0,4252.0,14495.376,145.932,29136808,204.43,25.0,5.809,3.212,2442.804,15.0,260.797,7.26,9.5,37.8,47.782,0.3,70.78,0.602,5.4355,0.0312,0.0,18.1511,0.1435,0.205,4.7443,0.9817,3.9212,0.0594,0.1536,0.0594,0.9107,0.4195,6.0521,0.0319,0.547,3.0677,0.0978,0.8209,9.277,44.5576,3.8,8.7,0.906140819,0.006784238,0.89282571,0.006530871,29996000
105,NLD,Europe,Netherlands,2021-05-12,1604659.0,6379.0,17664.0,93648.724,1030.88,17134873,508.544,43.2,18.779,11.881,48472.545,,109.361,5.29,24.4,27.3,,3.32,82.28,0.944,24.2977,0.3343,0.0111,4.9685,0.747,1.1517,4.923,4.0105,18.0051,0.0,0.0397,0.1111,0.0852,0.064,4.2639,0.2904,2.3446,0.0,0.1587,0.8485,3.2587,25.6959,23.1,2.5,5.815291693,0.08283048,0.076063434,5.656397779,17467000
106,NCL,Oceania,New Caledonia,2021-05-11,,,,,,285491,15.342,33.4,9.954,6.489,,,,23.36,,,,,77.55,,11.7818,0.0821,0.0804,8.584,0.7494,2.0361,5.5855,5.8687,2.7675,3.6589,0.1993,2.2961,0.1275,0.0488,2.5648,0.1745,3.1901,0.0,0.0376,1.3157,5.5941,38.2208,0.0,7.1,0.0,0.0,0.0,0.0,295000
107,NZL,Oceania,New Zealand,2021-05-12,2644.0,1.0,26.0,548.294,5.392,4822233,18.206,37.9,15.322,9.72,36085.843,,128.797,8.08,14.8,17.2,,2.61,82.29,0.931,17.5777,0.7446,0.017,7.7522,0.7067,1.6771,4.0202,6.8421,7.4627,0.0,0.1275,0.3296,0.2414,0.0495,3.3719,0.2374,3.8188,0.0109,0.1499,0.5364,6.6889,32.4155,32.0,2.5,0.046520954,0.000501303,0.04469621,0.001323441,4987000
108,NIC,North America,Nicaragua,2021-05-12,7086.0,0.0,184.0,1069.657,27.775,6624554,51.667,27.3,5.445,3.519,5321.444,3.2,137.016,11.47,,,,0.9,74.48,0.66,13.1538,0.0836,0.003,16.8052,0.549,0.6557,3.8377,3.1044,8.5527,0.6658,0.2055,0.3354,1.3618,0.006,1.9118,0.005,5.7021,0.0,0.003,0.9227,3.5808,36.8356,21.8,17.0,0.095497271,0.00257732,0.064053972,0.028865979,6596000
109,NER,Africa,Niger,2021-05-12,5325.0,1.0,192.0,219.981,7.932,24206636,16.955,15.1,2.553,1.378,926.0,44.5,238.339,2.42,0.1,15.4,8.978,0.3,62.42,0.394,7.2385,0.1185,0.0,22.2843,0.0239,0.2022,2.5503,1.2702,5.4224,0.0687,0.2022,1.4804,3.4838,0.0807,1.3489,0.0349,0.3666,0.0,0.0,0.3975,10.6117,42.7585,4.7,16.5,0.01900864,0.000682128,0.016329737,0.001996775,24189000
110,NGA,Africa,Nigeria,2021-05-12,165559.0,44.0,2066.0,803.14,10.022,206139587,209.588,18.1,2.751,1.447,5338.454,,181.013,2.42,0.6,10.8,41.949,,54.69,0.539,1.7391,0.0151,0.0,10.922,0.1976,0.7239,4.4268,0.5675,0.173,0.0437,0.0627,0.4763,0.8311,0.1715,19.5271,0.0064,0.6501,0.0,0.0841,0.8573,6.2627,48.2585,7.8,13.4,0.067547298,0.000798972,0.054602212,0.012146114,206140000
111,MKD,Europe,North Macedonia,2021-05-12,154372.0,150.0,5151.0,74096.9,2472.425,2083380,82.6,39.1,13.26,8.16,13111.214,5.0,322.688,10.08,,,,4.28,75.8,0.774,12.0639,0.3784,0.0,7.3937,0.2847,0.3507,5.0893,2.0683,8.8045,0.2959,0.1773,0.3253,0.2847,0.1288,3.6779,0.2474,2.9104,0.0,0.1796,0.9505,14.5512,37.933,23.9,3.2,4.548028846,0.140192308,4.025721154,0.382115385,2080000
112,NOR,Europe,Norway,2021-05-12,117995.0,500.0,774.0,21765.308,142.772,5421242,14.462,39.7,16.821,10.813,64800.057,0.2,114.316,5.31,19.6,20.7,,3.6,82.4,0.957,21.1992,0.6119,0.0005,5.9777,0.6194,2.7466,4.2801,3.6083,13.5227,3.6634,0.0893,0.3113,0.3204,0.0235,2.8097,0.4819,2.2652,0.0,0.099,0.8697,3.9131,28.7933,25.0,2.5,1.200167069,0.010803787,0.334100613,0.855262669,5387000
113,OMN,Asia,Oman,2021-05-12,202713.0,0.0,2148.0,39696.104,420.63,5106622,14.98,30.7,2.355,1.53,37960.709,,266.342,12.61,0.5,15.6,97.4,1.6,77.86,0.813,13.5101,0.0571,0.0,9.6835,0.5741,2.0105,9.787,3.0531,7.6265,0.0423,0.1888,0.1338,0.2776,0.2297,1.6984,0.1395,2.5903,0.0077,0.0521,0.6995,10.8902,36.486,22.9,6.8,2.865287503,0.032505835,2.700318269,0.132463399,4713000
114,PAK,Asia,Pakistan,2021-05-12,870703.0,3265.0,19336.0,3941.753,87.536,220892331,255.573,23.5,4.495,2.78,5034.708,4.0,423.031,8.35,2.8,36.7,59.607,0.6,67.27,0.557,22.2758,0.0969,0.0011,14.6224,0.3577,0.1831,2.4099,1.7957,19.6466,0.0117,0.1969,0.3577,0.6993,0.1618,1.8202,0.5258,2.6707,1.7915,0.0852,0.3417,2.2173,27.7226,7.8,20.3,0.250961347,0.005416403,0.230941432,0.014603512,220940000
115,PAN,North America,Panama,2021-05-12,368930.0,562.0,6285.0,85504.018,1456.625,4314768,55.133,29.7,7.918,5.03,22267.037,2.2,128.346,8.33,2.4,9.9,,2.3,78.51,0.815,12.3346,0.2467,0.0031,14.2627,0.4604,1.005,6.6783,4.98,5.353,0.7431,0.2873,0.4589,0.4129,0.0153,1.3758,0.1195,4.2277,0.0,0.036,0.7645,1.948,37.6619,22.5,10.0,7.622320803,0.127363997,6.773850105,0.721106701,4283000
116,PRY,South America,Paraguay,2021-05-12,304889.0,2828.0,7358.0,42746.263,1031.612,7132530,17.144,26.5,6.378,3.833,8827.01,1.7,199.128,8.27,5.0,21.6,79.602,1.3,74.25,0.728,11.2654,0.2191,0.0,7.5639,0.9035,0.3119,5.4532,4.0434,5.3208,0.1788,0.4675,0.2745,0.6185,0.0082,12.5302,1.0112,2.4084,0.0,0.0015,1.0733,3.7113,38.726,19.0,10.7,1.896664369,0.038690558,1.562591316,0.295382495,7255000
117,PER,South America,Peru,2021-05-12,1865639.0,12269.0,64898.0,56582.789,1968.285,32971846,25.129,29.1,7.151,4.455,12236.706,3.5,85.755,5.95,4.8,,,1.6,76.74,0.777,8.6638,0.0316,0.0014,11.814,0.6431,1.7993,8.5783,1.754,4.0729,0.0719,0.3629,0.2458,0.6367,0.0172,8.7924,0.2501,1.7339,0.0,0.023,0.5066,4.8044,41.3344,19.1,9.7,3.573741774,0.127751036,3.310513649,0.13547709,32824000
118,PHL,Asia,Philippines,2021-05-12,1118359.0,4812.0,18714.0,10205.767,170.778,109581085,351.873,25.2,4.803,2.661,7599.188,,370.437,7.07,7.8,40.8,78.463,1.0,71.23,0.718,6.7108,0.3074,0.0,20.0498,0.3527,2.4506,8.5466,3.2257,0.1045,0.1925,0.2717,0.5425,0.1106,0.034,2.8773,0.5399,2.3774,0.0,0.1838,0.4119,5.4481,43.2905,6.0,13.3,0.488698771,0.010138619,0.44575702,0.032803132,109581000
119,POL,Europe,Poland,2021-05-12,2842339.0,4159.0,70679.0,75101.558,1867.512,37846605,124.027,41.8,16.763,10.202,27216.445,,227.331,5.91,23.3,33.1,,6.62,78.73,0.88,16.559,0.9842,0.0,7.9033,0.3702,0.5845,3.0079,4.85,9.7542,0.0,0.017,0.0798,0.1099,0.0202,5.5631,0.1509,2.4775,0.0,0.0476,0.3959,6.8655,33.439,25.6,2.5,4.02817452,0.101631568,3.392334758,0.534208194,38368000
120,PRT,Europe,Portugal,2021-05-12,840493.0,485.0,16998.0,82427.886,1667.009,10196707,112.371,46.2,21.502,14.924,27936.896,0.5,127.842,9.85,16.3,30.0,,3.39,82.05,0.864,18.6614,0.4077,0.0005,6.2984,0.4053,2.7295,6.5126,4.5168,10.3936,0.1393,0.2079,0.0965,0.1618,0.0173,3.106,0.2684,1.7316,0.0,0.2319,0.7246,7.3366,31.3374,23.2,2.5,7.429605071,0.13607021,5.84683569,1.446699171,10255000
121,MDA,Europe,Moldova,2021-05-12,253173.0,224.0,5981.0,62760.367,1482.661,4033963,123.655,37.6,10.864,6.955,5189.972,0.2,408.502,5.72,5.9,44.6,86.979,5.8,71.9,0.75,16.5343,0.4339,0.0,11.6462,0.6795,0.991,3.4256,3.2622,10.9992,0.5083,0.1694,0.0616,0.0642,0.0068,3.9066,0.083,2.6632,0.0,0.018,0.825,6.4285,33.464,20.1,0.0,4.646195191,0.099858557,4.333691655,0.212644979,3535000
122,ROU,Europe,Romania,2021-05-12,1068817.0,930.0,29233.0,55558.513,1519.57,19237682,85.129,43.0,17.85,11.69,23313.199,5.7,370.946,9.74,22.9,37.1,,6.892,76.05,0.828,15.9287,0.3474,0.0,8.0412,0.6848,0.2844,4.2115,3.0499,11.4018,0.2567,0.1594,0.0974,0.1045,0.1274,4.713,0.1398,1.4126,0.0,0.1093,0.7301,9.3641,34.0679,24.5,2.5,3.863328309,0.097754794,3.583358453,0.182215062,19241000
123,RUS,Europe,Russia,2021-05-12,4849044.0,8096.0,112410.0,33227.546,770.277,145934460,8.823,39.6,14.178,9.393,24765.954,0.1,431.297,6.18,23.4,58.3,,8.05,72.58,0.824,16.1525,0.2486,0.0023,8.2803,0.9029,1.1312,3.162,4.318,9.3253,0.0118,0.2249,0.1319,0.1426,0.0118,6.3194,0.1809,4.6144,0.0,0.0118,0.8663,6.3713,33.8472,25.7,2.5,2.663104414,0.051120062,2.316142245,0.295842108,146733000
124,RWA,Africa,Rwanda,2021-05-12,25846.0,73.0,340.0,1995.49,26.25,12952209,494.869,20.3,2.974,1.642,1854.211,56.0,191.375,4.28,4.7,21.0,4.617,,69.02,0.543,2.6366,0.0186,0.0,3.538,0.0269,0.5279,15.7285,0.6257,1.3521,0.0283,0.0855,0.2233,2.5036,0.0179,20.4415,0.011,0.5782,0.0,0.0,0.2109,2.7193,47.3634,4.8,36.8,0.12613496,0.001675417,0.093012662,0.031446881,12952000
125,KNA,North America,Saint Kitts and Nevis,2021-05-12,45.0,0.0,,845.992,,53192,212.865,,,,24654.385,,,12.84,,,,2.3,76.23,0.779,14.0252,0.1735,0.0,6.3135,0.3868,3.4174,7.5449,7.8207,1.895,1.5442,0.3318,0.947,0.5422,0.0901,2.715,0.0749,6.4623,0.0,0.0673,1.385,4.209,35.9677,23.1,0.0,0.074074074,0.0,0.066666667,0.007407407,54000
126,LCA,North America,Saint Lucia,2021-05-12,4725.0,25.0,75.0,25731.23,408.432,183629,293.187,34.9,9.721,6.405,12951.839,,204.62,11.62,,,87.202,1.3,76.2,0.759,14.8893,0.0252,0.0009,7.2091,0.3326,3.0652,5.9453,8.17,2.8881,1.6054,0.4063,0.6274,0.5663,0.178,2.6427,0.0602,3.7043,0.0,0.0575,0.6103,4.1169,35.0964,19.8,0.0,0.996153846,0.00989011,0.480769231,0.505494505,182000
127,VCT,North America,Saint Vincent and the Grenadines,2021-05-12,1926.0,4.0,12.0,17359.64,108.16,110947,281.787,31.8,7.724,4.832,10727.146,,252.675,11.62,,,,2.6,72.53,0.738,11.0865,0.022,0.0,9.0142,0.3412,1.3785,10.471,6.9184,2.2593,1.9325,0.1672,0.1049,0.6452,0.2113,4.3734,0.2933,3.4592,0.0,0.0357,0.7227,5.1371,38.9005,23.8,5.7,1.082882883,0.002702703,0.361261261,0.718918919,111000
128,WSM,Oceania,Samoa,2021-05-12,3.0,0.0,,15.12,,198410,69.413,22.0,5.606,3.564,6021.557,,348.977,9.21,16.7,38.1,,,73.32,0.715,11.163,0.2262,0.1236,3.6768,0.1314,2.7788,10.7845,5.7993,1.9647,0.7751,0.1398,10.5187,0.0,0.0582,7.6944,0.1344,2.0811,0.0036,0.0108,0.5117,1.1656,38.8349,45.5,2.7,0.001,0.0,0.001,0.0,200000
129,STP,Africa,Sao Tome and Principe,2021-05-12,2320.0,0.0,35.0,10585.825,159.7,219161,212.841,18.7,2.886,2.162,3052.714,32.3,270.113,2.42,,,41.34,2.9,70.39,0.625,4.1199,0.022,0.0,7.3796,0.0562,2.3033,18.2736,1.2054,0.5152,0.424,0.0187,9.9865,0.3109,0.0293,3.7154,0.0073,2.5939,0.0,0.0024,0.7805,0.857,45.8801,10.6,7.0,0.643333333,0.008571429,0.504761905,0.13,210000
130,SAU,Asia,Saudi Arabia,2021-05-12,429389.0,1020.0,7111.0,12333.85,204.258,34813867,15.322,31.9,3.295,1.845,49045.411,,259.538,17.72,1.8,25.4,,2.7,75.13,0.854,12.9962,0.3917,0.0,16.3284,0.6003,1.0369,7.0413,4.9529,5.8598,0.669,0.1547,0.1492,0.4768,0.2434,1.4542,0.205,2.8571,0.0009,0.1135,1.7626,5.7024,37.0038,35.0,7.1,1.055794641,0.018255758,1.030898091,0.006640792,35041000
131,SEN,Africa,Senegal,2021-05-12,40762.0,33.0,1121.0,2434.434,66.95,16743930,82.328,18.7,3.008,1.796,2470.58,38.0,241.219,2.42,0.4,16.6,20.859,,67.94,0.512,5.3434,0.0353,0.0,25.9204,0.1878,2.0588,2.3456,1.6081,1.2496,0.0148,0.206,0.7637,0.4712,0.0717,2.6177,0.1161,2.0941,0.0,0.1047,1.9325,7.8951,44.6423,7.4,11.3,0.170144529,0.004031295,0.139106546,0.027006689,16744000
132,SRB,Europe,Serbia,2021-05-12,703497.0,1046.0,6611.0,103385.565,971.549,6804596,80.291,41.2,17.366,,14048.881,,439.415,10.08,37.7,40.2,97.719,5.609,76.0,0.806,16.7466,0.2524,0.0,9.7485,0.6322,0.4148,5.9753,3.5893,11.619,0.0067,0.2389,0.1322,0.1805,0.0242,2.545,0.243,2.0255,0.0007,0.1268,0.4644,7.3941,33.2476,23.5,5.7,5.840908438,0.059105936,0.0,5.781802501,6957000
133,SLE,Africa,Sierra Leone,2021-05-12,4089.0,0.0,79.0,512.6,9.903,7976985,104.7,19.1,2.538,1.285,1390.3,52.2,325.721,2.42,8.8,41.3,19.275,,54.7,0.452,5.6877,0.0067,0.0,19.9349,0.1343,2.5044,3.2119,0.7837,2.1711,0.2504,0.0857,0.5999,0.8913,0.0638,12.4228,0.0762,0.6323,0.0,0.1,1.276,4.5526,44.3138,7.5,25.6,0.047285947,0.000990347,0.030738373,0.015557227,7977000
134,SVK,Europe,Slovakia,2021-05-12,386540.0,404.0,12096.0,70799.501,2215.529,5459643,113.128,41.2,15.07,9.167,30155.152,0.7,287.959,7.29,23.1,37.7,,5.82,77.54,0.86,18.9841,1.3559,0.0,5.4026,0.939,0.7045,3.5463,4.3096,11.4696,0.029,0.2055,0.2055,0.0973,0.0421,3.6814,0.2513,5.5166,0.0,0.1118,1.438,4.5601,31.0231,22.4,3.4,4.792640059,0.094013182,4.361424387,0.33720249,5462000
135,SVN,Europe,Slovenia,2021-05-12,247449.0,724.0,4304.0,119026.981,2070.294,2078932,102.619,44.5,19.062,12.93,31400.84,,153.493,7.25,20.1,25.0,,4.5,81.32,0.917,18.9196,1.1248,0.0005,7.6345,0.5376,0.6515,6.4367,4.161,12.2569,0.6133,0.1879,0.1285,0.1106,0.0561,2.6837,0.2615,2.4915,0.0,0.1972,0.4739,5.002,31.0774,22.5,2.5,8.235901094,0.171754636,7.312933904,0.751212553,2103000
136,SLB,Oceania,Solomon Islands,2021-05-12,20.0,0.0,,29.117,,686878,21.841,20.8,3.507,2.043,2205.923,25.1,459.78,18.68,,,35.89,1.4,73.0,0.567,3.8504,0.1038,0.0121,9.0233,0.0826,2.284,3.2798,0.8897,0.438,0.5585,0.0394,5.0334,0.7366,0.0364,24.25,0.0856,0.8268,0.0,0.0356,0.3327,1.1223,46.1492,20.5,8.9,0.002377622,0.0,0.001398601,0.000979021,715000
137,ZAF,Africa,South Africa,2021-05-12,1602031.0,2759.0,54968.0,27011.741,926.812,59308690,46.754,27.3,5.344,3.053,12294.876,18.9,200.38,5.52,8.1,33.2,43.993,2.32,64.13,0.709,11.8433,0.0593,0.0009,17.1035,0.594,0.5365,1.9355,5.3933,4.8155,0.0009,0.4448,0.2462,0.1546,0.0539,2.8503,0.1321,4.4677,0.0,0.0108,1.1726,3.7632,38.1554,27.0,6.2,2.471489904,0.077446837,2.248099886,0.145943181,59628000
138,ESP,Europe,Spain,2021-05-12,3592751.0,6418.0,79208.0,76842.427,1694.115,46754783,93.105,45.5,19.436,13.799,34272.36,1.0,99.403,7.17,27.4,31.4,,2.97,83.56,0.904,18.3382,0.2357,0.0011,6.0548,0.7321,2.2646,4.8332,5.3456,9.5991,0.0,0.1605,0.265,0.2666,0.0069,3.0975,0.2229,1.8482,0.0,0.4287,1.5122,7.8139,31.6581,27.1,2.5,6.176110003,0.128867429,0.315683846,5.731558728,47635000
139,LKA,Asia,Sri Lanka,2021-05-12,133527.0,2429.0,850.0,6235.719,39.695,21413250,341.955,34.1,10.069,5.331,11669.077,0.7,197.093,10.68,0.3,27.0,,3.6,76.98,0.782,5.5328,0.0147,0.0039,20.7839,0.4178,3.0173,4.1171,0.8845,1.0948,0.0303,0.0998,7.1364,0.9608,0.5244,1.9793,0.2818,2.7209,0.0,0.135,0.2466,4.8753,44.4618,5.4,9.0,0.312604276,0.001600036,0.285335278,0.025668961,21937000
140,SDN,Africa,Sudan,2021-05-12,34889.0,0.0,2446.0,795.658,55.782,43849269,23.258,19.7,3.548,2.034,4466.507,,431.388,15.67,,,23.437,0.8,65.31,0.51,13.1178,0.0958,0.0,12.9192,0.1176,0.1018,7.0919,2.1133,10.4116,0.0741,0.2796,0.492,1.0631,0.0405,1.9167,0.1502,3.1231,0.7262,0.0,0.9366,8.3477,36.8813,7.4,20.1,0.067581929,0.004175694,0.049702388,0.013703847,43849000
141,SUR,South America,Suriname,2021-05-12,11427.0,121.0,220.0,19478.926,375.021,586634,3.612,29.6,6.933,4.229,13767.119,,258.314,12.54,7.4,42.9,67.779,3.1,71.68,0.738,6.7984,0.0438,0.0,13.9476,0.5407,1.4348,8.6872,3.6451,1.0789,1.2414,0.0576,0.6757,0.1719,0.0224,2.4553,0.0903,4.7051,0.3207,0.0155,1.3351,5.3705,43.1917,26.5,8.5,1.429752066,0.026446281,1.318016529,0.085289256,605000
142,SWE,Europe,Sweden,2021-05-12,1027934.0,6330.0,14267.0,101783.0,1412.676,10099270,24.718,41.0,19.985,13.433,46949.283,0.5,133.982,4.79,18.8,18.9,,2.22,82.8,0.945,24.0627,1.0442,0.0,6.1923,0.7266,1.7659,3.5405,4.1476,16.3687,0.4623,0.0086,0.1712,0.0937,0.0484,2.8343,0.5533,2.5211,0.0,0.0996,0.3967,4.611,25.9282,22.1,2.5,5.666975041,0.116748579,0.0,5.550226462,10377000
143,CHE,Europe,Switzerland,2021-05-12,677210.0,1539.0,10725.0,78248.399,1239.223,8654618,214.243,43.1,18.436,12.644,57410.166,,99.739,5.59,22.6,28.9,,4.53,83.78,0.955,22.4227,0.4802,0.0022,5.9818,0.5377,0.9109,4.6041,3.6314,16.706,0.0,0.1549,0.1124,0.0995,0.0382,2.1542,0.3727,2.9737,0.0,0.2377,1.0637,4.9478,27.5705,21.2,2.5,6.160215427,0.111257818,3.678480426,2.370477183,8634000
144,TWN,Asia,Taiwan,2021-05-12,1231.0,21.0,12.0,51.686,0.504,23816775,,42.2,,8.353,,,103.957,,,,,,80.46,,12.1312,0.1577,0.0281,10.0808,1.09,2.3182,8.3904,6.0558,2.3299,0.1874,0.1507,1.0736,0.2077,0.1023,0.8565,0.1374,2.3455,0.2826,0.4185,1.8271,9.1938,37.8684,0.0,3.5,0.003913596,3.81e-05,0.003570521,0.000304956,23610000
145,TJK,Asia,Tajikistan,2021-05-12,13308.0,0.0,90.0,1395.313,9.436,9537642,64.281,23.3,3.466,2.155,2896.913,4.8,427.698,7.11,,,72.704,4.8,71.1,0.668,7.2363,0.0018,0.0,13.3691,0.2255,0.0342,3.7863,1.5221,5.2373,0.2089,0.2144,0.1349,0.2486,0.0305,2.9278,0.0555,1.6607,0.0,0.0582,0.8419,19.2995,42.7642,12.6,0.0,0.141139039,0.000954502,0.140184537,0.0,9429000
146,THA,Asia,Thailand,2021-05-12,88907.0,1983.0,486.0,1273.74,6.963,69799978,135.132,40.1,11.373,6.89,16277.671,0.1,109.861,7.04,1.9,38.8,90.67,2.1,77.15,0.777,7.7828,0.0902,0.0325,17.5571,1.1143,2.6297,8.3291,2.4675,1.3279,0.009,0.1199,1.2775,0.2344,0.6626,1.8887,0.1262,4.0424,0.0,0.0938,0.7816,3.5962,42.2145,10.8,7.8,0.035126402,0.000118736,0.025463673,0.009543993,66534000
147,TLS,Asia,Timor,2021-05-12,3626.0,133.0,5.0,2750.216,3.792,1318442,87.176,18.0,3.556,1.897,6570.102,30.3,335.346,6.86,6.3,78.1,28.178,5.9,69.5,0.606,5.4983,0.0897,0.0,26.332,0.1025,1.0225,2.1027,4.0376,0.1307,0.8905,0.1153,0.5612,0.9098,0.05,5.5022,1.0136,2.8203,0.0,0.0013,0.6842,3.1867,44.503,2.9,24.9,0.006069803,0.0,0.004628225,0.001441578,1318000
148,TGO,Africa,Togo,2021-05-12,13210.0,43.0,125.0,1595.654,15.099,8278737,143.366,19.4,2.839,1.525,1429.813,49.2,280.033,6.15,0.9,14.2,10.475,0.7,61.04,0.515,3.6702,0.0292,0.0,15.8144,0.1067,1.3178,0.91,1.4133,0.7246,0.7448,0.0775,0.4718,1.7626,0.0595,20.0654,0.0843,1.8312,0.0,0.0,1.4099,2.1637,46.3287,7.1,16.1,0.065660104,0.000954222,0.054777147,0.009928735,8279000
149,TTO,North America,Trinidad and Tobago,2021-05-12,14417.0,615.0,235.0,10301.603,167.918,1399491,266.886,36.2,10.014,5.819,28763.071,,228.467,10.97,,,89.443,3.0,73.51,0.796,12.7835,0.2804,0.0,13.0903,0.4044,2.3299,4.9733,6.7063,2.8789,0.2413,0.1837,1.2016,0.8939,0.2305,3.5148,0.0899,5.62,0.0,0.0928,1.2563,3.5256,37.2145,19.7,5.5,0.556026297,0.009861213,0.529948868,0.016216216,1369000
150,TUN,Africa,Tunisia,2021-05-12,324103.0,1105.0,11637.0,27423.088,984.633,11818618,74.228,32.7,8.001,5.075,10849.297,2.0,318.991,8.52,1.1,65.8,78.687,2.3,76.7,0.74,9.6312,0.2083,0.0,12.0523,0.4508,0.7615,5.4307,1.6411,6.4775,0.0116,0.0926,0.2031,0.4311,0.1065,1.7724,0.1979,2.0832,0.0,0.3489,1.2551,15.7731,40.3673,27.3,4.3,1.817215871,0.060205111,1.453303631,0.303707128,11896000
151,TUR,Asia,Turkey,2021-05-12,5072462.0,13029.0,43821.0,60143.682,519.581,84339067,104.914,31.6,8.153,5.061,25129.341,0.2,171.285,12.13,14.1,41.1,,2.81,77.69,0.82,12.3156,0.1459,0.0,9.708,0.3956,0.2582,6.8321,2.0694,9.3619,0.0101,0.0857,0.272,0.682,0.1251,2.4947,0.2002,1.7004,0.0,0.4664,1.0174,13.5284,37.6836,32.2,2.5,3.015137872,0.031867633,2.881050193,0.102220046,83737000
152,UGA,Africa,Uganda,2021-05-12,42487.0,60.0,346.0,928.86,7.564,45741000,213.759,16.4,2.168,1.308,1697.707,41.6,213.333,2.5,3.4,16.7,21.222,0.5,63.37,0.544,5.6473,0.0352,0.0,6.748,0.0815,1.0442,11.3112,0.8978,3.4755,0.0371,0.113,0.6338,2.3942,0.012,12.361,0.013,1.2601,0.0,0.0,0.744,2.6703,44.3536,4.1,41.0,0.087057563,0.000714895,0.031370106,0.054972563,45741000
153,UKR,Europe,Ukraine,2021-05-12,2185088.0,4659.0,48908.0,49963.416,1118.312,43733759,77.39,41.4,16.462,11.133,7894.393,0.1,539.849,7.11,13.5,47.4,,8.8,72.06,0.779,13.1214,0.1753,0.0006,9.3613,0.8434,0.6821,2.9418,2.7425,8.5442,0.007,0.1339,0.0175,0.1099,0.0111,7.6721,0.0883,3.8811,0.0,0.0807,0.647,9.4361,36.8777,26.1,3.5,3.075922734,0.059205802,2.653382163,0.363334769,41778000
154,ARE,Asia,United Arab Emirates,2021-05-12,540646.0,1508.0,1619.0,54663.714,163.694,9890400,112.442,34.0,1.144,0.526,67293.483,,317.84,17.26,1.2,37.4,,1.2,77.97,0.89,10.5491,0.1896,0.0,12.906,0.5958,1.9682,8.1938,4.94,2.6468,0.9471,0.2095,0.6133,2.1108,0.3194,0.8937,0.1649,3.6576,0.0,0.5838,0.7949,8.2695,39.4461,29.9,2.6,3.307445285,0.009347515,3.079167519,0.218930252,9778000
155,GBR,Europe,United Kingdom,2021-05-12,4457742.0,2296.0,127901.0,65665.111,1884.056,67886004,272.898,40.8,18.517,12.527,39753.244,0.2,122.137,4.28,20.0,24.7,,2.54,81.32,0.932,18.8798,0.2754,0.0006,6.5412,0.621,1.0911,4.9551,4.4181,12.3684,0.6658,0.1056,0.224,0.2035,0.0653,5.1133,0.2461,2.4383,0.0,0.0901,0.7372,4.5851,31.1116,29.5,2.5,5.868482728,0.167220071,0.01516081,5.686101846,67160000
156,TZA,Africa,Tanzania,2021-05-12,509.0,0.0,21.0,8.521,0.352,59734213,64.699,17.7,3.108,1.874,2683.304,49.1,217.288,5.75,3.3,26.7,47.953,0.7,65.46,0.529,4.8022,0.0403,0.0,10.4453,0.03,0.5828,6.8147,0.7902,3.3606,0.0214,0.0,1.2839,2.1761,0.0274,13.937,0.03,1.0345,0.0,0.042,0.9136,3.952,45.1973,7.1,30.7,0.000852111,3.52e-05,0.000306358,0.000510597,59734000
157,USA,North America,United States of America,2021-05-12,32814415.0,35509.0,583684.0,99136.413,1763.382,331002647,35.608,38.3,15.413,9.732,54225.446,1.2,151.089,10.79,19.1,24.6,,2.77,78.86,0.926,21.2352,0.1681,0.002,5.5048,0.786,1.1287,4.5432,6.2645,12.8657,0.0,0.0197,0.3246,0.1893,0.049,2.839,0.2458,3.32,0.0,0.1772,0.9889,5.7249,28.7587,37.3,2.5,8.15992185,0.140103008,0.0,8.019818842,329878000
158,URY,South America,Uruguay,2021-05-12,228102.0,2255.0,3252.0,65664.918,936.17,3473727,19.751,35.6,14.655,10.361,20551.409,0.1,160.708,6.93,14.0,19.9,,2.8,77.91,0.817,17.8865,0.21,0.0,10.251,0.7764,0.6058,5.3746,3.7863,12.3906,0.3918,0.1168,0.277,0.1936,0.0144,3.044,0.6169,3.4102,0.0,0.0131,1.0337,3.9333,32.1076,28.9,2.5,1.269102237,0.013622203,1.089464741,0.166015293,3531000
159,UZB,Asia,Uzbekistan,2021-05-12,95467.0,395.0,666.0,2852.384,19.899,33469199,76.134,28.2,4.469,2.873,6253.104,,724.417,7.57,1.3,24.7,,4.0,71.72,0.72,14.4463,0.1353,0.0,10.5365,0.3566,0.1218,5.215,1.8621,11.7952,0.04,0.1748,0.0287,0.0022,0.0038,2.8891,0.0644,0.5796,0.0,0.0649,0.6109,14.8354,35.554,15.3,6.3,0.231301574,0.001817171,0.226751331,0.002733072,34174000
160,VUT,Oceania,Vanuatu,2021-05-12,4.0,0.0,1.0,13.023,3.256,307150,22.662,23.1,4.394,2.62,2921.909,13.2,546.3,12.02,2.8,34.5,25.209,,70.47,0.609,6.6244,0.0793,0.0,6.4102,0.1875,2.1649,5.8103,2.7466,1.2692,0.2882,0.1776,12.1763,0.0008,0.0374,12.7275,0.0305,1.3645,0.0,0.0038,0.3674,3.9175,43.3737,23.5,7.2,0.000311526,0.0,0.000311526,0.0,321000
161,VEN,South America,Venezuela,2021-05-12,210948.0,832.0,2337.0,7418.358,82.185,28435943,36.253,29.0,6.614,3.915,16745.022,,204.85,6.47,,,,0.8,72.06,0.711,14.7565,0.0403,0.0,12.9253,0.3389,0.9456,7.646,3.8328,9.392,0.0702,0.2078,0.0281,0.3342,0.0009,2.5643,0.1479,3.4106,0.0,0.0009,1.3734,4.1474,35.2416,25.2,21.2,0.452585093,0.004286961,0.424398673,0.023899459,28645000
162,VNM,Asia,Vietnam,2021-05-12,3658.0,87.0,35.0,37.58,0.36,97338583,308.127,32.6,7.15,4.718,6171.884,2.0,245.465,6.0,1.0,45.9,85.847,2.6,75.4,0.704,8.5765,0.164,0.0042,16.874,0.3077,2.6392,5.9029,4.4382,0.6069,0.0126,0.4149,0.841,0.2032,0.2074,1.0596,0.288,1.2846,0.815,0.307,0.2201,11.9508,41.4232,2.1,9.3,0.002063217,3.64e-05,0.001525845,0.000500993,96209000
163,YEM,Asia,Yemen,2021-05-12,6498.0,6.0,1277.0,217.864,42.815,29825968,53.508,20.3,2.922,1.583,1479.147,18.8,495.003,5.35,7.6,29.2,49.542,0.7,66.12,0.47,5.7874,0.0446,0.0,27.2077,0.2579,0.524,5.1344,2.7871,1.8911,0.2033,0.2827,0.0893,0.8645,0.0347,1.0794,0.2199,5.0468,0.0,0.0017,1.0811,3.2135,44.2126,14.1,38.9,0.007131362,0.002061959,0.004787769,0.000281633,29826000
164,ZMB,Africa,Zambia,2021-05-12,92211.0,59.0,1259.0,5015.841,68.484,18383956,22.995,17.7,2.48,1.542,3689.251,57.5,234.499,3.94,3.1,24.7,13.938,2.0,63.89,0.584,6.0197,0.0829,0.0,21.1938,0.3399,1.6924,1.0183,1.8427,1.757,0.2149,0.3048,1.8736,0.1756,0.0478,7.9649,0.0618,1.5632,0.0,0.0014,0.6657,3.4649,43.9789,6.5,46.7,0.334132942,0.004563751,0.290524369,0.039044822,18384000
165,ZWE,Africa,Zimbabwe,2021-05-12,38466.0,18.0,1579.0,2588.05,106.237,14862927,42.729,19.6,2.822,1.882,1899.775,21.4,307.846,1.82,1.6,30.7,36.791,1.7,61.49,0.571,8.1489,0.0755,0.0,22.624,0.2678,0.5518,2.2,2.6142,4.431,0.2012,0.2086,0.4498,0.4261,0.0252,2.987,0.1494,4.6485,0.0,0.0518,1.7103,2.3213,41.8526,12.3,51.3,0.232032564,0.008854202,0.190964139,0.032214223,14863000
