,Unnamed: 0,iso_code,continent,Country,date,total_cases,new_cases,total_deaths,total_cases_per_million,total_deaths_per_million,stringency_index,population,population_density,median_age,aged_65_older,aged_70_older,gdp_per_capita,extreme_poverty,cardiovasc_death_rate,diabetes_prevalence,female_smokers,male_smokers,handwashing_facilities,hospital_beds_per_thousand,life_expectancy,human_development_index,Alcoholic Beverages,Animal fats,Animal Products,"Aquatic Products, Other",Cereals - Excluding Beer,Eggs,"Fish, Seafood",Fruits - Excluding Wine,Meat,Milk - Excluding Butter,Miscellaneous,Offals,Oilcrops,Pulses,Spices,Starchy Roots,Stimulants,Sugar & Sweeteners,Sugar Crops,Treenuts,Vegetable Oils,Vegetables,Vegetal Products,Obesity,Undernourished,Confirmed,Deaths,Recovered,Active,Population,Unit (all except Population)
0,443.0,AFG,Asia,Afghanistan,2021-05-12,62718.0,315.0,2713.0,1611.114,69.692,,38928341.0,54.422,18.6,2.5810000000000004,1.337,1803.987,,597.029,9.59,,,37.746,0.5,64.83,0.511,0.0014,0.1973,9.4341,0.0,24.8097,0.2099,0.035,5.3495,1.202,7.5828,0.0728,0.2057,0.07,0.2953,0.0574,0.8802,0.3078,1.3489,0.0,0.077,0.5345,6.7642,40.5645,4.5,29.8,0.142134196,0.006185779000000001,0.123373921,0.012574496999999999,38928000.0,%
1,898.0,OWID_AFR,,Africa,2021-05-12,4656979.0,8863.0,125363.0,3473.8070000000002,93.51299999999999,,1340598113.0,,,,,,,,,,,,,,,,,,,,,,,,,,,,,,,,,,,,,,,,,,,,,
2,1341.0,ALB,Europe,Albania,2021-05-12,131845.0,42.0,2423.0,45814.511,841.9630000000001,,2877800.0,104.87100000000001,38.0,13.187999999999999,8.642999999999999,11803.431,1.1,304.195,10.08,7.1,51.2,,2.89,78.57,0.795,1.6719,0.1357,18.7684,0.0,5.7817,0.5815,0.2126,6.7861,1.8845,15.7213,0.1123,0.2324,0.9377,0.23800000000000002,0.0008,1.8096,0.1055,1.5367,0.0,0.1515,0.3261,11.7753,31.2304,22.3,6.2,2.967300916,0.050951374,1.792635659,1.123713883,2838000.0,%
3,1784.0,DZA,Africa,Algeria,2021-05-12,124682.0,199.0,3350.0,2843.308,76.395,,43851043.0,17.348,29.1,6.211,3.8569999999999998,13913.839,0.5,278.36400000000003,6.73,0.7,30.4,83.741,1.9,76.88,0.748,0.2711,0.0282,9.6334,0.0,13.6816,0.5277,0.2416,6.3801,1.1305,7.6189,0.1671,0.087,0.3493,0.4783,0.0557,4.1339999999999995,0.2216,1.8342,0.0,0.1152,1.031,11.6484,40.3651,26.6,3.9,0.244897085,0.006558153000000001,0.167572198,0.070766734,44357000.0,%
4,2221.0,AND,Europe,Andorra,2021-05-12,13470.0,23.0,127.0,174335.081,1643.694,,77265.0,163.755,,,,,,109.135,7.97,29.0,37.8,,,83.73,0.868,,,,,,,,,,,,,,,,,,,,,,,,,,,,,,,
5,2640.0,AGO,Africa,Angola,2021-05-12,29405.0,259.0,645.0,894.686,19.625,,32866268.0,23.89,16.8,2.405,1.3619999999999999,5819.495,,276.045,3.94,,,26.664,,61.15,0.581,5.8087,0.055999999999999994,4.9278,0.0,9.1085,0.0587,1.7707,6.0005,2.0571,0.8311,0.1165,0.155,0.4186,0.6507,0.0009,18.1102,0.0508,1.8495,0.0,0.0061,0.6463,2.3041,45.0722,6.8,25,0.061687473,0.00146055,0.056807699,0.0034192240000000002,32522000.0,%
6,2718.0,AIA,North America,Anguilla,2021-04-22,,,,,,,15002.0,,,,,,,,,,,,,81.88,,,,,,,,,,,,,,,,,,,,,,,,,,,,,,,,
7,3144.0,ATG,North America,Antigua and Barbuda,2021-05-12,1240.0,2.0,32.0,12662.364,326.77099999999996,,97928.0,231.845,32.1,6.933,4.631,21490.943,,191.511,13.17,,,,3.8,77.02,0.778,3.5764,0.0087,16.6613,0.0,5.996,0.2274,4.1489,10.7451,5.6888,6.3663,0.7139,0.2219,0.2172,0.184,0.1524,1.4522,0.1564,3.8749,0.0,0.0253,0.8102,5.4495,33.3233,19.1,,0.293877551,0.007142857,0.19081632699999998,0.09591836699999999,98000.0,%
8,3642.0,ARG,South America,Argentina,2021-05-12,3215572.0,24475.0,68807.0,71147.621,1522.421,,45195777.0,16.177,31.9,11.198,7.441,18933.907,0.6,191.032,5.5,16.2,27.7,,5.0,76.67,0.845,4.2672,0.2234,19.3454,0.0,8.4102,0.9979,0.4693,6.0435,7.0421,10.2328,0.0,0.3779,0.0116,0.0528,0.0122,3.042,0.4378,3.0536,0.0,0.02,0.9541,4.3503,30.6559,28.5,4.6,4.356147387,0.108226635,3.905192058,0.342728695,45377000.0,%
9,4080.0,ARM,Asia,Armenia,2021-05-12,219950.0,354.0,4272.0,74226.335,1441.668,,2963234.0,102.931,35.7,11.232000000000001,7.571000000000001,8787.58,1.8,341.01,7.11,1.5,52.1,94.04299999999999,4.2,75.09,0.7759999999999999,0.4014,0.1833,13.564,0.0,7.2982,0.5783,0.2896,6.0989,2.2675,9.9407,0.2355,0.304,0.0899,0.1441,0.0055,2.0359,0.1863,2.6579,0.0,0.1108,0.4705,16.7019,36.4358,20.9,4.3,5.681224628,0.10534506099999999,5.3984100139999995,0.177469553,2956000.0,%
10,4124.0,ABW,North America,Aruba,2021-05-11,,,,,,,106766.0,584.8,41.2,13.085,7.452000000000001,35973.781,,,11.62,,,,,76.29,,,,,,,,,,,,,,,,,,,,,,,,,,,,,,,,
11,4601.0,OWID_ASI,,Asia,2021-05-12,45265838.0,452792.0,585684.0,9755.889000000001,126.229,,4639847425.0,,,,,,,,,,,,,,,,,,,,,,,,,,,,,,,,,,,,,,,,,,,,,
12,5074.0,AUS,Oceania,Australia,2021-05-12,29955.0,9.0,910.0,1174.711,35.686,,25499881.0,3.202,37.9,15.504000000000001,10.129,44648.71,0.5,107.791,5.07,13.0,16.5,,3.84,83.44,0.9440000000000001,5.5436,0.3143,21.4175,0.0033,5.4979,0.4428,1.4264,4.1883,6.7049,12.1018,0.5293,0.424,0.3694,0.0546,0.0458,2.7884,0.2928,2.5364,0.0,0.3176,1.2798,5.1406,28.5806,30.4,<2.5,0.112025316,0.0035295490000000003,0.10128912,0.007206648,25754000.0,%
13,5517.0,AUT,Europe,Austria,2021-05-12,633960.0,1194.0,10428.0,70389.945,1157.843,,9006400.0,106.749,44.4,19.202,13.748,45436.685999999994,0.7,145.183,6.35,28.4,30.9,,7.37,81.54,0.922,7.0215,0.8555,19.5654,0.0011,6.2116,0.7884,0.7562,4.6069,4.681,12.3776,0.0005,0.1052,0.2683,0.0456,0.0494,3.0548,0.4106,2.6094,0.0,0.2367,0.8109,5.1098,30.4338,21.9,<2.5,4.739982051,0.089679156,4.496870092,0.15343280199999998,8914000.0,%
14,5955.0,AZE,Asia,Azerbaijan,2021-05-12,328159.0,558.0,4726.0,32365.453999999998,466.11300000000006,,10139175.0,119.309,32.4,6.018,3.8710000000000004,15847.419,,559.812,7.11,0.3,42.5,83.241,4.7,73.0,0.7559999999999999,3.5969,0.2544,11.6416,0.0,13.0898,0.5593,0.20199999999999999,4.7988,2.1513,8.3212,0.0145,0.1534,0.0145,0.0347,0.0044,4.7041,0.0587,1.5523,0.0,0.1906,0.2235,10.0755,38.3584,19.9,<2.5,2.285536209,0.031222793999999998,2.225573803,0.028739612,10108000.0,%
15,6378.0,BHS,North America,Bahamas,2021-05-12,10966.0,58.0,215.0,27885.711,546.729,,393248.0,39.497,34.3,8.996,5.2,27717.847,,235.954,13.17,3.1,20.4,,2.9,73.92,0.8140000000000001,2.0175,0.0062,11.4718,0.0009,3.7246,0.625,2.4144,13.2718,5.9269,2.1757,2.9316,0.3218,0.6993,0.0504,0.0884,1.0547,0.1556,6.2151,0.0,0.0495,0.511,7.7649,38.5229,32.1,,2.100763359,0.044783715,1.735114504,0.32086514,393000.0,%
16,6822.0,BHR,Asia,Bahrain,2021-05-12,194289.0,1539.0,705.0,114181.32400000001,414.32,,1701583.0,1935.9070000000002,32.4,2.372,1.3869999999999998,43290.705,,151.689,16.52,5.8,37.6,,2.0,77.29,0.852,,,,,,,,,,,,,,,,,,,,,,,,,,,,,,,
17,7258.0,BGD,Asia,Bangladesh,2021-05-12,777397.0,1140.0,12045.0,4720.383,73.138,,164689383.0,1265.036,27.5,5.098,3.262,3523.9840000000004,14.8,298.003,8.38,1.0,44.7,34.808,0.8,72.59,0.632,0.0031,0.0156,5.1926,0.0,29.8045,0.2957,2.5221,2.8655,0.4191,1.8778,0.0197,0.0633,0.08199999999999999,0.7065,0.3195,5.3378,0.0529,0.9285,0.195,0.0934,0.7615,3.6405,44.8033,3.4,14.7,0.316691106,0.004823066,0.28434358600000004,0.027524454,169809000.0,%
18,7680.0,BRB,North America,Barbados,2021-05-12,3957.0,7.0,46.0,13769.657,160.072,,287371.0,664.4630000000001,39.8,14.952,9.472999999999999,16978.068,,170.05,13.57,1.9,14.5,88.469,5.8,79.19,0.8140000000000001,3.565,0.2212,12.4976,0.0,8.0666,0.7792,3.275,5.8723,5.8477,2.2041,3.302,0.1704,0.8734,0.6391,0.1565,4.0812,0.1721,4.3344,0.0,0.0852,0.8677,5.4725,37.5167,24.8,3.9,0.583972125,0.006271776999999999,0.470034843,0.107665505,287000.0,%
19,8120.0,BLR,Europe,Belarus,2021-05-12,371405.0,896.0,2661.0,39304.941,281.608,,9449321.0,46.858000000000004,40.3,14.799000000000001,9.788,17167.967,,443.129,5.18,10.5,46.1,,11.0,74.79,0.823,3.7563,0.3353,12.7089,0.0,6.2814,0.7565,0.8372,3.5665,4.1893,6.2104,0.5035,0.3795,0.07200000000000001,0.001,0.0067,9.1691,0.1142,4.0155,0.0,0.1399,0.8804,8.7859,37.2904,26.6,<2.5,2.7408959999999998,0.018912,2.612704,0.10928,9375000.0,%
20,8584.0,BEL,Europe,Belgium,2021-05-12,1023583.0,3251.0,24630.0,88318.975,2125.178,,11589616.0,375.564,41.8,18.570999999999998,12.849,42658.575999999994,0.2,114.898,4.29,25.1,31.4,,5.64,81.63,0.9309999999999999,5.372999999999999,0.8559,17.7279,0.001,6.6704,0.6487,1.1325,4.1623,3.237,11.6344,0.0,0.2185,0.0965,0.1132,0.0409,4.4157,0.2461,3.6514,0.0,0.1309,0.564,6.8161,32.2637,24.5,<2.5,6.286322188,0.185427703,0.0,6.100894485,11515000.0,%
21,9000.0,BLZ,North America,Belize,2021-05-12,12707.0,3.0,323.0,31957.568,812.331,,397621.0,16.426,25.0,3.853,2.279,7824.361999999999,,176.957,17.11,,,90.083,1.3,74.62,0.716,3.3803,0.0832,8.6856,0.0,11.07,0.3923,1.0325,12.6094,3.489,3.6317,1.7653,0.0569,0.39399999999999996,1.1259,0.0195,1.0614,0.0849,3.9798,0.0,0.034,1.0198,4.7721,41.3122,22.4,7.5,2.8727923630000003,0.073031026,2.739618138,0.060143197999999995,419000.0,%
22,9423.0,BEN,Africa,Benin,2021-05-12,7995.0,0.0,101.0,659.4789999999999,8.331,,12123198.0,99.11,18.8,3.2439999999999998,1.942,2064.236,49.6,235.84799999999998,0.99,0.6,12.3,11.035,0.5,61.77,0.545,5.9019,0.0132,3.7504,0.0,9.623,0.0711,1.2267,2.9523,1.4107,0.9458,0.145,0.0829,0.6628,0.7367,0.4461,19.7771,0.0042,0.6635,0.0,0.4028,0.7381,4.1964,46.2493,8.2,10.1,0.034343517000000004,0.00045048699999999996,0.029183389,0.00470964,12209000.0,%
23,9536.0,BMU,North America,Bermuda,2021-05-02,,,,,,70.37,62273.0,1308.82,,,,50669.315,,139.547,13.0,,,,,82.59,,,,,,,,,,,,,,,,,,,,,,,,,,,,,,,,
24,9969.0,BTN,Asia,Bhutan,2021-05-12,1257.0,10.0,1.0,1629.057,1.296,,771612.0,21.188000000000002,28.6,4.885,2.977,8708.597,1.5,217.06599999999997,9.75,,,79.807,1.7,71.78,0.654,,,,,,,,,,,,,,,,,,,,,,,,,,,,,,,
25,10397.0,BOL,South America,Bolivia,2021-05-12,322578.0,2369.0,13308.0,27634.472999999998,1140.0639999999999,,11673029.0,10.202,25.4,6.704,4.393,6885.829000000001,7.1,204.299,6.89,,,25.383000000000003,1.1,71.51,0.718,2.8956,0.0889,11.7799,0.0,12.3079,0.6626,0.2307,7.5088,6.4098,4.2873,0.1661,0.1006,0.1374,0.3654,0.0422,7.7315,0.2083,2.5724,0.0,0.7084,0.3573,3.2224,38.2165,18.7,17.1,1.952445629,0.092435313,1.4386142869999998,0.421396029,11633000.0,%
26,10831.0,BIH,Europe,Bosnia and Herzegovina,2021-05-12,201796.0,284.0,8943.0,61507.888,2725.847,,3280815.0,68.49600000000001,42.5,16.569000000000003,10.710999999999999,11713.895,0.2,329.635,10.08,30.2,47.7,97.164,3.5,77.4,0.78,4.7876,0.0585,12.4319,0.0,8.7152,0.2576,0.2465,4.6409,1.8165,9.9443,0.486,0.1089,0.0963,0.2718,0.3922,4.0495,0.3504,1.6391,0.0,0.0822,0.4205,11.6394,37.5645,19.4,<2.5,3.76208473,0.145534898,2.9603169769999997,0.656232856,3281000.0,%
27,11240.0,BWA,Africa,Botswana,2021-05-12,49041.0,0.0,751.0,20854.09,319.35400000000004,,2351625.0,4.044,25.8,3.9410000000000003,2.242,15807.374,,237.372,4.81,5.7,34.4,,1.8,69.59,0.735,4.2717,0.3402,14.4486,0.0,11.432,0.1402,0.3551,2.8465,2.2840000000000003,11.0217,1.6092,0.3056,0.2019,0.2729,0.1626,4.7614,0.1336,4.7857,0.0009,0.015,1.0065,4.0558,35.5491,16.1,26.4,1.014372033,0.007034959,0.8447993090000001,0.162537764,2317000.0,%
28,11682.0,BRA,South America,Brazil,2021-05-12,15359397.0,76692.0,428034.0,72259.314,2013.715,,212559409.0,25.04,33.5,8.552,5.06,14103.452,3.4,177.96099999999998,8.11,10.1,17.9,,2.2,75.88,0.765,4.3629,0.2803,17.347,0.0,8.4292,0.5042,0.5899,6.0936,6.4784,9.3416,0.0006,0.1512,0.7093,0.9254,0.0071,3.3959,0.3024,2.7755,1.0111,0.0513,1.2823,3.307,32.6537,22.3,<2.5,4.4601651460000005,0.108602912,3.979468585,0.37209364899999997,211812000.0,%
29,12112.0,BRN,Asia,Brunei,2021-05-12,231.0,1.0,3.0,528.021,6.857,,437483.0,81.347,32.4,4.591,2.3819999999999997,71809.25099999999,,201.285,12.79,2.0,30.9,,2.7,75.86,0.838,,,,,,,,,,,,,,,,,,,,,,,,,,,,,,,
30,12543.0,BGR,Europe,Bulgaria,2021-05-12,412814.0,657.0,17150.0,59410.990999999995,2468.178,,6948445.0,65.18,44.7,20.801,13.272,18563.307,1.5,424.68800000000005,5.81,30.1,44.4,,7.454,75.05,0.816,7.0834,0.2488,17.2483,0.0103,8.875,0.5924,0.4845,3.9812,4.0073,11.5992,0.2254,0.3058,0.345,0.1512,0.6048,1.8576,0.2818,2.3627,0.0,0.0797,0.7085,6.2037,32.7435,27.4,3.6,3.227255666,0.134416053,2.7889562580000002,0.303883355,6927000.0,%
31,12972.0,BFA,Africa,Burkina Faso,2021-05-12,13387.0,3.0,164.0,640.4259999999999,7.846,,20903278.0,70.15100000000001,17.6,2.4090000000000003,1.358,1703.102,43.7,269.048,2.42,1.6,23.9,11.877,0.4,61.58,0.452,15.3706,0.0231,4.6611,0.0,21.2005,0.2406,0.7077,0.6596,1.2029,2.3195,0.1373,0.1664,1.8664,1.4294,0.0321,0.9723,0.0211,1.1287,0.0,0.0712,0.9503,1.5036,45.3359,4.5,20,0.053709994000000004,0.000641056,0.048031383,0.0050375540000000005,20903000.0,%
32,13380.0,BDI,Africa,Burundi,2021-05-12,4233.0,25.0,6.0,355.99,0.505,,11890781.0,423.06199999999995,17.5,2.562,1.504,702.225,71.7,293.068,6.05,,,6.144,0.8,61.58,0.433,,,,,,,,,,,,,,,,,,,,,,,,,,,,,,,
33,13852.0,KHM,Asia,Cambodia,2021-05-12,20695.0,472.0,136.0,1237.815,8.134,,16718971.0,90.67200000000001,25.6,4.412,2.385,3645.07,,270.892,4.0,2.0,33.7,66.229,0.8,69.82,0.594,4.5783,0.0377,6.08,0.0,24.8906,0.131,4.2369,2.3184,1.2247,0.3285,0.4853,0.1211,0.79,0.4903,0.0784,3.0519,0.126,2.9923,0.8367,0.0238,0.2511,3.0072,43.9195,3.5,16.4,0.003058657,0.0,0.002929599,0.000129057,15497000.0,%
34,14285.0,CMR,Africa,Cameroon,2021-05-12,74946.0,0.0,1152.0,2823.265,43.397,,26545864.0,50.885,18.8,3.165,1.919,3364.926,23.8,244.66099999999997,7.2,,,2.735,1.3,59.29,0.563,5.156000000000001,0.0146,2.9330000000000003,0.0,10.3112,0.0256,1.3206,7.2151,0.8759999999999999,0.6289,0.0717,0.0673,0.8658,1.4734,0.28300000000000003,11.3883,0.0234,0.6479,0.0,0.1324,0.6398,8.859,47.067,9.5,9.9,0.11803143099999999,0.001782089,0.110914354,0.005334988000000001,26598000.0,%
35,14758.0,CAN,North America,Canada,2021-05-12,1314420.0,6557.0,24755.0,34826.308,655.898,,37742157.0,4.037,41.4,16.984,10.797,44017.59099999999,0.5,105.59899999999999,7.37,12.0,16.6,,2.5,82.43,0.929,4.8441,0.8084,16.0365,0.006,6.4236,0.7668,1.2148,5.0692,4.4707,8.7596,0.6071,0.0097,0.4334,0.6304,0.0574,3.4939999999999998,0.4053,5.0237,0.0,0.1439,1.3441,5.4961,33.9551,31.3,<2.5,2.109960723,0.054202670999999994,1.9098481280000001,,38190000.0,%
36,15177.0,CPV,Africa,Cape Verde,2021-05-12,27029.0,320.0,238.0,48614.359000000004,428.06699999999995,,555988.0,135.58,25.7,4.46,3.437,6222.554,,182.21900000000002,2.42,2.1,16.5,,2.1,72.98,0.665,,,,,,,,,,,,,,,,,,,,,,,,,,,,,,,
37,15310.0,CYM,North America,Cayman Islands,2021-05-07,,,,,,,65720.0,256.496,,,,49903.029,,,13.22,,,,,83.92,,,,,,,,,,,,,,,,,,,,,,,,,,,,,,,,
38,15734.0,CAF,Africa,Central African Republic,2021-05-12,6866.0,192.0,95.0,1421.602,19.67,,4829764.0,7.479,18.3,3.655,2.251,661.24,,435.727,6.1,,,16.602999999999998,1.0,53.28,0.397,1.7435,0.1228,6.9032,0.0,3.8844,0.051,0.8041,4.5543,3.7346,1.7581,0.0614,0.4338,0.6970000000000001,0.8936,0.0031,27.7128,0.2008,0.7022,0.0,0.0,0.7240000000000001,1.9214,43.0942,6.3,59.6,0.103291925,0.001304348,0.10113871599999999,0.000848861,4830000.0,%
39,16154.0,TCD,Africa,Chad,2021-05-12,4891.0,3.0,172.0,297.762,10.470999999999998,,16425859.0,11.833,16.7,2.4859999999999998,1.446,1768.1529999999998,38.4,280.995,6.1,,,5.818,,54.24,0.39799999999999996,0.8297,0.2023,12.2804,0.0,21.6017,0.0495,1.0451,1.0669,3.8543,5.9037,0.064,1.2256,3.0304,1.4133,0.0,6.9910000000000005,0.0087,1.3449,0.0,0.0,0.4556,0.9141,37.7189,4.8,37.5,0.020578302,0.0007406530000000001,0.016880962,0.002956687,16877000.0,%
40,16599.0,CHL,South America,Chile,2021-05-12,1260448.0,3902.0,27384.0,65936.086,1432.5020000000002,,19116209.0,24.281999999999996,35.4,11.087,6.938,22767.037,1.3,127.993,8.46,34.2,41.5,,2.11,80.18,0.851,4.968999999999999,0.1782,15.0394,0.0155,10.8579,0.7757,0.8711,3.9109,6.1492,6.9966,0.3024,0.0525,0.2588,0.2677,0.0133,4.7183,0.1353,3.5582,0.0,0.11900000000000001,0.5435,5.3092,34.9584,28.8,2.7,3.84222907,0.097046739,3.626194145,,19470000.0,%
41,17076.0,CHN,Asia,China,2021-05-12,102671.0,11.0,4846.0,71.333,3.367,,1439323774.0,147.674,38.7,10.640999999999998,5.928999999999999,15308.712,0.7,261.899,9.74,1.9,48.4,,4.34,76.91,0.7609999999999999,2.3224,0.0866,13.424000000000001,0.0542,8.9298,1.2059,3.3435,4.2451,6.0732,1.7962,1.3773,0.8643,0.4401,0.0704,0.0364,1.9016,0.1781,3.1065,0.0253,0.2665,0.579,13.099,36.5744,6.6,8.5,0.007155524,0.00034384300000000003,0.006685183000000001,0.000126499,1402385000.0,%
42,17509.0,COL,South America,Colombia,2021-05-12,3048719.0,16993.0,79261.0,59916.395,1557.714,,50882884.0,44.223,32.2,7.646,4.312,13254.948999999999,4.5,124.24,7.44,4.7,13.5,65.38600000000001,1.71,77.29,0.767,3.1032,0.0814,12.821,0.0,8.1055,0.8132,0.4552,11.3276,3.554,7.7443,0.0776,0.1729,0.2276,0.3503,0.0343,5.0309,0.0057,4.7518,0.027999999999999997,0.0947,0.9454,3.0981,37.1774,22.1,4.8,4.350794839,0.112638541,4.090144406,0.148011892,49444000.0,%
43,17887.0,COM,Africa,Comoros,2021-05-12,3860.0,0.0,146.0,4438.848,167.894,,869595.0,437.352,20.4,2.963,1.726,1413.89,18.1,261.51599999999996,11.88,4.4,23.6,15.574000000000002,2.2,64.32,0.5539999999999999,,,,,,,,,,,,,,,,,,,,,,,,,,,,,,,
44,18311.0,COG,Africa,Congo,2021-05-12,11343.0,0.0,148.0,2055.6020000000003,26.820999999999998,,5518092.0,15.405,19.0,3.4019999999999997,2.063,4881.406,37.0,344.094,7.2,1.7,52.3,47.964,,64.57,0.574,4.9612,0.0122,6.1258,0.0,6.2564,0.0457,2.3945,4.0015,3.2735,0.0963,0.17300000000000001,0.3044,0.3632,0.2408,0.0033,23.2457,0.0171,1.3907,0.0,0.0016,0.67,2.552,43.8709,8.4,40.3,0.57167452,0.014516129,0.379720913,0.17743747699999998,5518000.0,%
45,21384.0,COD,Africa,Congo,2021-05-12,30429.0,37.0,775.0,339.756,8.652999999999999,,89561404.0,35.879,17.0,3.02,1.745,808.133,77.1,318.949,6.1,,,4.4719999999999995,,60.68,0.48,4.9612,0.0122,6.1258,0.0,6.2564,0.0457,2.3945,4.0015,3.2735,0.0963,0.17300000000000001,0.3044,0.3632,0.2408,0.0033,23.2457,0.0171,1.3907,0.0,0.0016,0.67,2.552,43.8709,8.4,40.3,0.57167452,0.014516129,0.379720913,0.17743747699999998,5518000.0,%
46,18744.0,CRI,North America,Costa Rica,2021-05-12,276887.0,3173.0,3482.0,54354.3,683.534,,5094114.0,96.079,33.6,9.468,5.694,15524.995,1.3,137.97299999999998,8.78,6.4,17.4,83.84100000000001,1.13,80.28,0.81,1.6982,0.1529,18.677,0.0007,8.6611,0.7582,1.3317,9.5203,3.8631,12.4535,0.0274,0.1161,0.2914,0.8354,0.0433,1.5676,0.3181,3.9006,0.0,0.0397,1.4363,2.9837,31.3238,25.7,4.8,3.8434357269999997,0.052279397000000005,3.055781647,0.735374682,5111000.0,%
47,19172.0,CIV,Africa,Cote d'Ivoire,2021-05-12,46516.0,32.0,292.0,1763.421,11.07,,26378275.0,76.399,18.7,2.9330000000000003,1.5819999999999999,3601.006,28.2,303.74,2.42,,,19.351,,57.78,0.5379999999999999,1.4487,0.0132,2.9144,0.0,11.4585,0.1587,1.3914,4.8741,0.9586,0.1285,0.0163,0.2648,0.6055,0.1727,0.1247,23.308000000000003,0.0759,0.7859,0.0,0.5443,0.8656,2.8098,47.0806,9.0,19,0.11295893,0.000618911,0.10610506199999999,0.006234956999999999,26175000.0,%
48,19615.0,HRV,Europe,Croatia,2021-05-12,347094.0,1471.0,7589.0,84548.439,1848.6,,4105268.0,73.726,44.0,19.724,13.052999999999999,22669.797000000002,0.7,253.782,5.59,34.3,39.9,,5.54,78.49,0.851,4.9846,0.2296,17.311,0.0005,5.7726,0.3955,0.9196,3.4094,3.6945,11.8824,0.0,0.1889,0.3494,0.0373,0.0236,1.8078,0.2458,3.088,0.0,0.0761,0.3808,12.5188,32.6838,27.1,<2.5,5.848905472999999,0.127960199,5.648706467999999,0.072238806,4020000.0,%
49,20042.0,CUB,North America,Cuba,2021-05-12,119375.0,1207.0,768.0,10539.335,67.805,,11326616.0,110.40799999999999,43.1,14.738,9.719,,,190.968,8.27,17.1,53.3,85.198,5.2,78.8,0.7829999999999999,2.0589,0.1202,10.0096,0.0,9.9309,0.5263,0.3368,9.0347,3.2837,5.5971,0.0787,0.1456,0.5346,1.1336,0.0089,5.1555,0.0657,3.1617,0.0,0.0006,0.4535,8.374,39.9895,26.7,<2.5,0.283760305,0.00206542,0.23082173600000003,0.05087315,11281000.0,%
50,20086.0,CUW,North America,Curacao,2021-05-11,,,,,,,164100.0,362.644,41.7,16.367,10.068,,,,11.62,,,,,78.88,,,,,,,,,,,,,,,,,,,,,,,,,,,,,,,,
51,20518.0,CYP,Europe,Cyprus,2021-05-12,70358.0,260.0,341.0,80326.613,389.314,,875899.0,127.65700000000001,37.3,13.415999999999999,8.562999999999999,32415.132,,141.171,9.24,19.6,52.7,,3.4,80.98,0.887,3.4447,0.0277,16.1736,0.0015,7.0646,0.5746,1.8209,6.1979999999999995,5.3167,8.2744,1.4858,0.1584,0.4089,0.21100000000000002,0.0307,1.7705,0.2387,4.2194,0.0,0.1781,1.1937,7.3888,33.8191,22.6,5.6,2.621706711,0.017481359,0.170422535,2.4338028169999997,1207000.0,%
52,20956.0,CZE,Europe,Czechia,2021-05-12,1648667.0,1686.0,29787.0,153951.795,2781.4970000000003,,10708982.0,137.17600000000002,43.3,19.027,11.58,32605.906000000003,,227.485,6.82,30.5,38.3,,6.63,79.38,0.9,9.8498,0.8945,17.8065,0.0006,5.6937,0.4964,0.5355,3.3962,4.7618,10.982999999999999,0.1099,0.134,0.0949,0.1139,0.0316,3.3991,0.134,3.8081,0.0,0.0477,0.9854,4.5289,32.1944,28.5,<2.5,9.612840612000001,0.159845091,8.555328481,0.89766704,10716000.0,%
53,21850.0,DNK,Europe,Denmark,2021-05-12,262859.0,1246.0,2500.0,45381.524000000005,431.615,,5792203.0,136.52,42.3,19.677,12.325,46682.515,0.2,114.76700000000001,6.41,19.3,18.8,,2.5,80.9,0.94,4.8866,1.2415,23.2141,0.001,6.7226,0.8206,1.1797,3.1098,3.6804,15.9557,0.0,0.3347,0.1185,0.0369,0.0774,3.1113,0.4069,2.8728,0.0,0.1138,0.0915,5.2431,26.7812,21.3,<2.5,3.4632183910000003,0.038016812000000004,3.307359753,0.117841825,5829000.0,%
54,22271.0,DJI,Africa,Djibouti,2021-05-12,11389.0,20.0,151.0,11527.305,152.834,,988002.0,41.285,25.4,4.213,2.38,2705.406,22.5,258.03700000000003,6.05,1.7,24.5,,1.4,67.11,0.524,0.3778,0.0579,5.5215,0.0,20.2702,0.1275,0.4276,3.2735,1.7428,2.9085,1.1831,0.2572,0.0568,1.5724,0.1506,1.8633,0.1309,4.2005,0.0,0.0406,1.6153,9.7637,44.4582,12.2,18.9,0.6013157889999999,0.006376518,0.592307692,0.002631579,988000.0,%
55,22688.0,DMA,North America,Dominica,2021-05-12,175.0,0.0,,2430.859,,,71991.0,98.56700000000001,,,,9673.367,,227.37599999999998,11.62,,,,3.8,75.0,0.742,0.941,0.0319,8.9011,0.0,3.4014,0.1244,1.4188,19.3028,2.782,4.4217,0.6745,0.1219,1.1058,0.2255,0.1512,6.8477,0.2553,3.1738,0.0,0.0035,0.3797,4.6371,41.0989,28.2,6.2,0.16805555600000002,0.0,0.152777778,0.015277778,72000.0,%
56,23126.0,DOM,North America,Dominican Republic,2021-05-12,273497.0,688.0,3554.0,25211.967,327.621,,10847904.0,222.873,27.6,6.981,4.419,14600.861,1.6,266.653,8.2,8.5,19.1,55.181999999999995,1.6,74.08,0.7559999999999999,3.21,0.1122,11.2417,0.0006,6.9232,0.6445,0.6059,18.4431,3.5009,6.1202,0.0906,0.2567,1.1395,0.5881,0.026000000000000002,2.0198,0.142,2.1332,0.0,0.0108,1.2948,2.7385,38.7577,26.9,9.5,2.1156952380000003,0.02667619,1.577704762,0.5113142860000001,10500000.0,%
57,23564.0,ECU,South America,Ecuador,2021-05-12,404632.0,2037.0,19349.0,22934.343999999997,1096.692,,17643060.0,66.939,28.1,7.104,4.458,10581.936000000002,3.6,140.44799999999998,5.55,2.0,12.3,80.635,1.5,77.01,0.759,3.2929,0.1277,15.3469,0.0328,14.9132,0.6902,0.6893,8.039,4.0115,9.5745,0.1526,0.22,0.1765,0.157,0.0177,2.2701,0.0071,1.7369999999999999,0.0,0.016,1.3777,2.4981,34.6522,19.3,7.9,1.468305636,0.085683285,1.198183999,0.184438353,17511000.0,%
58,24018.0,EGY,Africa,Egypt,2021-05-12,240927.0,1187.0,14091.0,2354.311,137.696,,102334403.0,97.999,25.3,5.159,2.891,10550.206,1.3,525.432,17.31,0.2,50.1,89.82700000000001,1.6,71.99,0.7070000000000001,0.0722,0.0896,6.7374,0.0,17.5311,0.2307,1.5844,6.9387,1.7583,2.7568,0.0187,0.317,0.6541,0.3063,0.0655,2.6919,0.0863,1.7984,2.0338,0.0268,0.3839,10.6559,43.2622,31.1,4.5,0.167758896,0.009527494000000001,0.131002054,0.027229347999999997,100803000.0,%
59,24438.0,SLV,North America,El Salvador,2021-05-12,70915.0,535.0,2168.0,10933.21,334.24800000000005,,6486201.0,307.811,27.6,8.273,5.417000000000001,7292.4580000000005,2.2,167.295,8.87,2.5,18.8,90.65,1.3,73.32,0.6729999999999999,2.1651,0.1113,12.888,0.0,11.7265,0.7533,0.573,5.9517,2.6337,8.7381,0.5920000000000001,0.0794,1.4273,1.4661,0.0121,2.2462,0.2649,3.5260000000000002,0.0,0.0155,0.4565,7.2703,37.1029,22.7,9,0.867721031,0.025813917999999998,0.77813609,0.063771023,6481000.0,%
60,24862.0,GNQ,Africa,Guinea,2021-05-12,7694.0,0.0,112.0,5484.022,79.83,,1402985.0,45.193999999999996,22.4,2.846,1.7519999999999998,22604.873,,202.812,7.78,,,24.64,2.1,58.74,0.5920000000000001,0.311,0.0213,3.8776,0.0,17.2911,0.1648,0.8939,7.9395,1.1561,1.4724,0.2312,0.1692,0.9506,0.3925,0.0,11.7958,0.1196,1.3368,0.0,0.0009,1.3271,4.4286,46.1202,6.6,16.5,0.116759554,0.00066879,0.114012739,0.002078025,12560000.0,%
61,33463.0,GIN,Africa,Guinea,2021-05-12,22719.0,0.0,151.0,1729.944,11.498,,13132792.0,51.755,19.0,3.135,1.733,1998.9260000000002,35.3,336.717,2.42,,,17.45,0.3,61.6,0.47700000000000004,0.311,0.0213,3.8776,0.0,17.2911,0.1648,0.8939,7.9395,1.1561,1.4724,0.2312,0.1692,0.9506,0.3925,0.0,11.7958,0.1196,1.3368,0.0,0.0009,1.3271,4.4286,46.1202,6.6,16.5,0.116759554,0.00066879,0.114012739,0.002078025,12560000.0,%
62,25280.0,ERI,Africa,Eritrea,2021-05-12,3822.0,4.0,12.0,1077.704,3.384,,3546427.0,44.303999999999995,19.3,3.6069999999999998,2.171,1510.4589999999998,,311.11,6.05,0.2,11.4,,0.7,66.32,0.45899999999999996,,,,,,,,,,,,,,,,,,,,,,,,,,,,,,,
63,25743.0,EST,Europe,Estonia,2021-05-12,126064.0,368.0,1210.0,95032.261,912.148,,1326539.0,31.033,42.7,19.452,13.491,29481.252,0.5,255.56900000000002,4.02,24.5,39.3,,4.69,78.74,0.892,6.1949,0.4556,22.3154,0.0005,6.3498,0.6145,0.7127,3.5061,3.0810000000000004,17.3068,0.1501,0.1457,0.0518,0.1472,0.0576,3.2403,0.2121,2.3886,0.0,0.0886,0.3472,4.9558,27.6779,23.8,2.9,3.569646882,0.034259955,2.828549962,0.706836965,1331000.0,%
64,26168.0,SWZ,Africa,Eswatini,2021-05-12,18492.0,5.0,671.0,15939.126,578.367,,1160164.0,79.492,21.5,3.1630000000000003,1.845,7738.975,,333.436,3.94,1.7,16.5,24.096999999999998,2.1,60.19,0.611,6.2239,0.1024,7.4118,0.0019,14.7814,0.1578,0.3643,8.5537,2.5917,3.9299,0.6695,0.262,0.3005,0.3578,0.1615,5.3187,0.0648,3.1796,0.0,0.0892,0.3258,2.5701,42.5816,13.5,20.6,1.46567029,0.054710145,1.038858696,0.372101449,1104000.0,%
65,26594.0,ETH,Africa,Ethiopia,2021-05-12,264367.0,695.0,3938.0,2299.572,34.254,,114963583.0,104.95700000000001,19.8,3.5260000000000002,2.063,1729.9270000000001,26.7,182.63400000000001,7.47,0.4,8.5,7.96,0.3,66.6,0.485,2.4543,0.0276,5.2956,0.0,22.0779,0.0594,0.0608,1.1774,0.7462,4.2647,0.018000000000000002,0.1382,0.2322,3.0195,0.4298,11.2918,0.2957,1.317,0.0,0.0802,0.4699,1.8449,44.6989,3.6,20.6,0.12309252,0.001866581,0.10923718199999999,0.011988757,114916000.0,%
66,27070.0,OWID_EUR,,Europe,2021-05-12,46046017.0,98176.0,1044424.0,61502.929000000004,1395.02,,748680069.0,,,,,,,,,,,,,,,,,,,,,,,,,,,,,,,,,,,,,,,,,,,,,
67,27546.0,OWID_EUN,,European Union,2021-05-12,31707490.0,78203.0,707830.0,71265.74900000001,1590.9189999999999,,444919060.0,,,,,,,,,,,,,,,,,,,,,,,,,,,,,,,,,,,,,,,,,,,,,
68,27649.0,FRO,Europe,Faeroe Islands,2021-05-11,,,,,,,48865.0,35.308,,,,,,,,,,,,80.67,,,,,,,,,,,,,,,,,,,,,,,,,,,,,,,,
69,27716.0,FLK,South America,Falkland Islands,2021-04-14,,,,,,,3483.0,,,,,,,,,,,,,81.44,,,,,,,,,,,,,,,,,,,,,,,,,,,,,,,,
70,28185.0,FJI,Oceania,Fiji,2021-05-12,161.0,9.0,3.0,179.59900000000002,3.347,,896444.0,49.562,28.6,6.224,3.284,8702.975,1.4,412.82,14.49,10.2,34.8,,2.3,67.44,0.743,1.8598,0.2922,7.8511,0.0021,10.144,0.2682,2.3832,2.1636,3.0004,1.7421,0.2586,0.1642,4.3799,0.7746,0.05,7.8599,0.1238,9.7259,0.0,0.0157,0.8683,3.9255,42.1469,30.0,3.7,0.00625,0.000223214,0.0059151790000000004,0.000111607,896000.0,%
71,28655.0,FIN,Europe,Finland,2021-05-12,89270.0,280.0,930.0,16111.63,167.84799999999998,,5540718.0,18.136,42.8,21.228,13.264000000000001,40585.721,,153.507,5.76,18.3,22.6,,3.28,81.91,0.938,4.5004,0.519,26.8865,0.0,5.1978,0.3979,1.5306,3.1864,3.4915,20.8378,0.7944,0.1097,0.0883,0.0533,0.0168,2.7671,0.545,1.8388,0.0,0.046,0.2468,3.8325,23.1132,24.9,<2.5,0.854801953,0.01244348,0.5606800510000001,0.281678423,5529000.0,%
72,29130.0,FRA,Europe,France,2021-05-12,5882882.0,21498.0,107280.0,87070.927,1587.8220000000001,,67564251.0,122.57799999999999,42.0,19.718,13.079,38605.671,,86.06,4.77,30.1,35.6,,5.98,82.66,0.9009999999999999,4.1631,0.7907,21.7097,0.0011,6.9951,0.611,1.8214,4.878,4.4005,13.784,0.1918,0.301,0.1479,0.0991,0.0164,2.6963,0.2925,2.611,0.0,0.2093,0.8675,5.1223,28.2903,23.2,<2.5,5.199054512,0.12155836199999999,0.367876501,4.7096196489999995,64940000.0,%
73,29229.0,PYF,Oceania,French Polynesia,2021-05-11,,,,,,,280904.0,77.324,32.7,7.775,4.593,,,,22.63,,,,,77.66,,4.6997,0.0309,14.3585,0.0169,7.6479,0.5386,3.4809,4.3512,7.0798,2.9364,3.2613,0.2748,3.1818,0.1452,0.0111,3.5436,0.126,2.8715,0.6809,0.0405,0.9675,4.0992,35.6559,,4.2,,,,,280000.0,%
74,29654.0,GAB,Africa,Gabon,2021-05-12,23734.0,169.0,143.0,10663.476999999999,64.249,,2225728.0,7.859,23.1,4.45,2.9760000000000004,16562.413,3.4,259.967,7.2,,,,6.3,66.47,0.703,6.1881,0.0109,8.1825,0.0,9.1158,0.0701,2.2578,9.0341,4.32,0.9486,0.4751,0.5758,0.8509,0.0139,0.0015,11.8727,0.0212,1.2508,0.1248,0.0051,0.4824,2.3979,41.8004,13.4,10.5,0.513536531,0.003182429,0.483953384,0.026400717,2231000.0,%
75,30076.0,GMB,Africa,Gambia,2021-05-12,5934.0,0.0,175.0,2455.451,72.414,,2416664.0,207.56599999999997,17.5,2.339,1.4169999999999998,1561.767,10.1,331.43,1.91,0.7,31.2,7.876,1.1,62.05,0.496,2.8419,0.0114,10.1417,0.0,21.8908,0.2008,3.9197,0.8742,1.1134,4.8167,0.9824,0.0812,3.1637,0.1281,0.0043,0.8614,0.2719,4.1176,0.0,0.0897,2.2026,2.4575,39.8291,8.7,10.2,0.17529995899999998,0.005544063,0.160777824,0.008978072,2417000.0,%
76,30518.0,GEO,Asia,Georgia,2021-05-12,325665.0,1409.0,4363.0,81637.181,1093.71,,3989175.0,65.032,38.7,14.864,10.244000000000002,9745.079,4.2,496.218,7.11,5.3,55.5,,2.6,73.77,0.812,2.5343,0.2356,15.5347,0.0,15.6253,0.5032,0.6622,3.1735,2.6217,11.3605,0.7882,0.1507,0.084,0.0025,0.0247,3.7542,0.2397,3.3110000000000004,0.0,0.1631,0.6679999999999999,4.0993,34.4636,23.3,7.9,7.042261104,0.087994616,6.805248991,0.149017497,3715000.0,%
77,30990.0,DEU,Europe,Germany,2021-05-12,3564494.0,6590.0,85451.0,42543.879,1019.8969999999999,,83783945.0,237.016,46.6,21.453000000000003,15.957,45229.245,,156.139,8.31,28.2,33.1,,8.0,81.33,0.9470000000000001,6.7714,0.6715,20.8485,0.0011,6.0363,0.5947,0.6758,3.6131,4.6524,14.1789,0.0,0.0747,0.1701,0.0419,0.0429,3.5712,0.3493,2.5069999999999997,0.0,0.1903,0.8104,5.0542,29.1443,25.7,<2.5,2.74310084,0.073890756,2.451366146,0.21784393800000001,83300000.0,%
78,31415.0,GHA,Africa,Ghana,2021-05-12,93125.0,114.0,783.0,2996.98,25.199,,31072945.0,126.719,21.1,3.385,1.9480000000000002,4227.63,12.0,298.245,4.97,0.3,7.7,41.047,0.9,64.07,0.611,0.9444,0.0088,2.8956,0.0,6.3229999999999995,0.0705,1.4992,10.4274,0.8069,0.4178,0.1657,0.0917,0.7957,0.392,0.23800000000000002,24.6325,0.0053,0.8128,0.2815,0.0364,0.3655,1.6849,47.1041,9.7,5.5,0.22542400199999998,0.0014449839999999999,0.204363917,0.0196151,31073000.0,%
79,31534.0,GIB,Europe,Gibraltar,2021-05-08,,,,,,,33691.0,3457.1,,,,,,,,,,,,79.93,,,,,,,,,,,,,,,,,,,,,,,,,,,,,,,,
80,31976.0,GRC,Europe,Greece,2021-05-12,369554.0,2478.0,11211.0,35455.436,1075.596,,10423056.0,83.479,45.3,20.396,14.524000000000001,24574.382,1.5,175.695,4.55,35.3,52.0,,4.21,82.24,0.888,2.2879,0.2116,17.6914,0.0005,7.2801,0.4539,1.026,6.3296,3.7836,12.0221,0.0596,0.1947,0.8112,0.2539,0.0243,3.1307,0.256,1.7744,0.0,0.6676,1.5237,7.9134,32.3038,27.4,<2.5,1.52535514,0.055616822,0.876299065,0.593439252,10700000.0,%
81,32081.0,GRL,North America,Greenland,2021-05-11,,,,,,,56772.0,0.13699999999999998,,,,,,199.94099999999997,2.16,,,,,71.7,,,,,,,,,,,,,,,,,,,,,,,,,,,,,,,,
82,32498.0,GRD,North America,Grenada,2021-05-12,161.0,1.0,1.0,1430.869,8.887,,112519.0,317.132,29.4,7.303999999999999,5.021,13593.877,,243.96400000000003,10.71,,,,3.7,72.4,0.779,3.1315,0.1276,12.1319,0.0019,7.6569,0.9226,2.5802,11.0608,5.6546,2.7183,1.2873,0.1266,1.3768,0.6417,0.3171,2.2222,0.1104,5.4479999999999995,0.0,0.0143,0.9959,3.6085,37.8648,20.2,,0.130973451,0.0008849560000000001,0.12920354,0.0008849560000000001,113000.0,%
83,32949.0,GTM,North America,Guatemala,2021-05-12,237682.0,1416.0,7815.0,13266.786,436.213,,17915567.0,157.834,22.9,4.694,3.016,7423.808000000001,8.7,155.898,10.18,,,76.665,0.6,74.3,0.6629999999999999,1.7037,0.0957,10.3765,0.0,15.1579,1.4676,0.2807,6.7124,3.9589,4.4093,0.0348,0.1632,0.5276,1.6504,0.0403,1.3316,0.2872,5.3058,0.0,0.198,0.8747,5.7997,39.624,18.8,15.2,0.901898594,0.03240341,0.8242942540000001,0.04520093,18066000.0,%
84,33037.0,GGY,Europe,Guernsey,2021-04-21,,,,,,,67052.0,,,,,,,,,,,,,,,,,,,,,,,,,,,,,,,,,,,,,,,,,,,,,
85,33877.0,GNB,Africa,Guinea-Bissau,2021-05-12,3741.0,0.0,67.0,1900.9170000000001,34.045,,1967998.0,66.191,19.4,3.002,1.565,1548.675,67.1,382.474,2.42,,,6.403,,58.32,0.48,2.4603,0.0423,4.9295,0.0,21.6069,0.1038,0.1666,6.3660000000000005,2.2155,2.1899,0.5331,0.2114,0.32799999999999996,0.2499,0.0013,8.1087,0.0167,0.7893,0.0,0.4485,1.8016,2.3642,45.0666,8.2,28,0.143850545,0.00238713,0.125947068,0.015516347,1927000.0,%
86,34304.0,GUY,South America,Guyana,2021-05-12,14659.0,128.0,331.0,18636.873,420.82,,786559.0,3.952,26.3,5.305,2.8369999999999997,7435.047,,373.159,11.62,,,77.15899999999999,1.6,69.91,0.682,1.8708,0.0206,9.1155,0.0,9.7847,0.1038,1.7011,5.7954,2.5237,4.7277,0.3516,0.0385,1.8367,0.3907,0.1942,1.8384,0.0742,3.2325,0.0,0.0435,0.2779,15.2061,40.8722,19.2,8.1,1.0087674709999999,0.022871665,0.884625159,0.101270648,787000.0,%
87,34723.0,HTI,North America,Haiti,2021-05-12,13227.0,48.0,266.0,1160.005,23.328000000000003,,11402533.0,398.44800000000004,24.3,4.8,2.9539999999999997,1653.1729999999998,23.5,430.548,6.65,2.9,23.1,22.863000000000003,0.7,64.0,0.51,1.2733,0.0402,3.5986,0.0,13.4196,0.0525,0.5064,12.0278,1.9687,0.8765,0.3309,0.1532,0.4829,2.0067,0.0022,11.48,0.3801,2.0961,0.0,0.0,0.8742,2.0302,46.3997,20.5,49.3,0.103113216,0.002148557,0.080294659,0.020669998999999998,11403000.0,%
88,35151.0,HND,North America,Honduras,2021-05-12,222992.0,874.0,5853.0,22513.965,590.937,,9904608.0,82.805,24.9,4.652,2.883,4541.795,16.0,240.208,7.21,2.0,,84.169,0.7,75.27,0.634,2.0662,0.1378,13.6048,0.0,14.1699,0.4601,0.3339,6.8464,3.508,9.0154,0.6923,0.1505,0.1749,1.3962,0.0138,0.6796,0.4686,5.9591,0.0,0.0276,1.2467,2.6599,36.3883,19.4,12.9,1.5602696669999998,0.037611517000000004,0.626368613,0.896289538,9864000.0,%
89,35302.0,HKG,Asia,Hong Kong,2021-05-11,,,,,,71.3,7496988.0,7039.714,44.8,16.303,10.158,56054.92,,,8.33,,,,,84.86,0.9490000000000001,,,,,,,,,,,,,,,,,,,,,,,,,,,,,,,
90,35738.0,HUN,Europe,Hungary,2021-05-12,793784.0,905.0,28888.0,82169.28,2990.368,,9660350.0,108.04299999999999,43.4,18.577,11.975999999999999,26777.561,0.5,278.296,7.55,26.8,34.8,,7.02,76.88,0.8540000000000001,6.7533,1.0595,20.0268,0.0007,7.5908,0.8885,0.4113,3.0852,5.2042,12.4568,0.0039,0.0052,0.0679,0.1906,0.1802,3.0460000000000003,0.1031,2.5433,0.0,0.0183,0.7214,5.6788,29.9644,28.6,<2.5,3.8407392239999996,0.133367462,2.845797072,0.86157469,9767000.0,%
91,36179.0,ISL,Europe,Iceland,2021-05-12,6526.0,4.0,29.0,19123.81,84.98200000000001,,341250.0,3.404,37.3,14.431,9.207,46482.958,0.2,117.992,5.31,14.3,15.2,,2.91,82.99,0.9490000000000001,4.7545,0.9461,23.97,0.0025,4.1196,0.5557,4.6117,4.8405,4.6269,13.0028,1.4022,0.2232,0.1759,0.0376,0.0676,1.9909,0.4626,3.9472,0.0,0.0752,0.4667,3.6874,26.0331,23.1,<2.5,1.6361413040000001,0.007880435,1.6192934780000001,0.008967391,368000.0,%
92,36648.0,IND,Asia,India,2021-05-12,23703665.0,362727.0,258317.0,17176.514,187.18599999999998,,1380004385.0,450.41900000000004,28.2,5.989,3.4139999999999997,6426.674,21.2,282.28,10.39,1.9,20.6,59.55,0.53,69.66,0.645,0.1959,0.0028,11.3357,0.0,17.3821,0.3061,0.6499,5.4333,0.35600000000000004,9.9889,0.0,0.0311,0.728,1.5709,0.3268,2.7906,0.0753,1.7471,0.0,0.1526,0.7487,7.5213,38.6568,3.8,14.5,0.77325641,0.011070352,0.751560674,0.010625384,1400100000.0,%
93,37085.0,IDN,Asia,Indonesia,2021-05-12,1728204.0,4608.0,47617.0,6318.299,174.08700000000002,,273523621.0,145.725,29.3,5.319,3.053,11188.743999999999,5.7,342.86400000000003,6.32,2.8,76.1,64.204,1.04,71.72,0.718,0.0794,0.0309,6.2575,0.0009,24.3918,0.4911,3.9386,5.5134,1.0316,0.5943,0.0026,0.1702,2.2113,0.0988,0.1508,4.6343,0.0406,1.8481,0.0,0.0564,0.8579,3.8558,43.7438,6.9,8.3,0.42209988299999995,0.01155263,0.345619878,0.064927375,271739000.0,%
94,37546.0,OWID_INT,,International,2021-05-12,721.0,0.0,15.0,,,,,,,,,,,,,,,,,,,,,,,,,,,,,,,,,,,,,,,,,,,,,,,,,
95,37995.0,IRN,Asia,Iran,2021-05-12,2707761.0,16409.0,75934.0,32237.955,904.052,,83992953.0,49.831,32.4,5.44,3.182,19082.62,0.2,270.308,9.59,0.8,21.1,,1.5,76.68,0.7829999999999999,0.0007,0.5369,7.9295,0.002,14.0141,0.4916,0.7813,7.9235,2.3965,3.5808,0.0007,0.1405,0.054000000000000006,0.4729,0.0559,3.2877,0.1299,2.198,0.0,0.6421,0.7706,12.5207,42.0701,25.5,4.9,1.7342483659999999,0.069414141,1.482322044,0.18251218100000002,84150000.0,%
96,38439.0,IRQ,Asia,Iraq,2021-05-12,1127580.0,4666.0,15855.0,28033.561,394.18199999999996,,40222503.0,88.125,20.0,3.1860000000000004,1.9569999999999999,15663.986,2.5,218.612,8.83,,,94.57600000000001,1.4,70.6,0.674,0.1915,0.0423,6.2809,0.0,24.0855,1.2467,0.445,6.4975,2.5171,1.9902,0.3975,0.0396,0.3037,0.4807,0.0304,1.0842,0.1783,3.3755,0.0,0.1268,2.0139,4.9563,43.7165,27.4,29,1.579398364,0.033004405,1.5082869730000001,0.038106986,39725000.0,%
97,38882.0,IRL,Europe,Ireland,2021-05-12,254013.0,446.0,4937.0,51442.587,999.8389999999999,,4937796.0,69.874,38.7,13.927999999999999,8.677999999999999,67335.293,0.2,126.459,3.28,23.0,25.7,,2.96,82.3,0.955,7.5703,0.871,18.5712,0.0005,6.3057,0.4653,1.1942,3.3996,4.0102,11.9469,0.2951,0.0831,0.1733,0.1325,0.0362,3.5362,0.1855,4.0147,0.0,0.0836,0.7497,4.9510000000000005,31.4242,26.9,<2.5,4.0485308810000005,0.07343593799999999,0.46699979999999996,3.5080951430000002,5003000.0,%
98,38993.0,IMN,Europe,Isle of Man,2021-05-11,,,,,,,85032.0,147.872,,,,,,,,,,,,81.4,,,,,,,,,,,,,,,,,,,,,,,,,,,,,,,,
99,39441.0,ISR,Asia,Israel,2021-05-12,839030.0,30.0,6379.0,96935.59300000001,736.985,,8655541.0,402.606,30.6,11.732999999999999,7.359,33132.32,0.5,93.32,6.74,15.4,35.4,,2.99,82.97,0.919,1.2876,0.1026,18.7463,0.0017,7.6277,0.5664,1.4696,6.3746,5.5003,10.9066,0.2602,0.2007,0.5233,0.364,0.0278,1.9975,0.2619,1.7747,0.0,0.2262,1.6743,8.8586,31.2472,26.7,<2.5,7.439051649,0.055023872,6.609635417000001,0.774392361,9216000.0,%
100,39909.0,ITA,Europe,Italy,2021-05-12,4131078.0,7848.0,123544.0,68325.39,2043.339,,60461828.0,205.859,47.9,23.021,16.24,35220.084,2.0,113.15100000000001,4.78,19.8,27.8,,3.18,83.51,0.892,3.1892,0.2834,19.0329,0.0005,8.5417,0.6247,1.5816,6.0207,4.2963,12.1258,0.0403,0.1194,0.1836,0.2781,0.0064,1.9043,0.2946,1.7175,0.0,0.423,1.4224,6.9463,30.9671,22.9,<2.5,4.353685153,0.150927093,3.4945286589999998,0.7082294020000001,60296000.0,%
101,40337.0,JAM,North America,Jamaica,2021-05-12,46922.0,101.0,820.0,15845.812,276.918,,2961161.0,266.879,31.4,9.684,6.39,8193.571,,206.537,11.28,5.3,28.6,66.425,1.7,74.47,0.7340000000000001,2.4636,0.2074,11.9958,0.0074,8.5031,0.1457,1.8692,8.0661,4.3372,5.2170000000000005,0.6952,0.2111,0.9990000000000001,0.2177,0.3752,4.5837,0.1677,4.6889,0.0,0.011000000000000001,0.7584,6.4772,38.0023,24.4,8,0.599537202,0.012709149,0.435208259,0.151619794,2809000.0,%
102,40814.0,JPN,Asia,Japan,2021-05-12,660884.0,7521.0,11148.0,5225.352,88.14299999999999,,126476458.0,347.778,48.2,27.049,18.493,39002.223,,79.37,5.72,11.2,33.7,,13.05,84.63,0.919,4.044,0.0751,15.3194,0.1088,12.1692,1.696,3.9283,2.8618,4.2599,5.063,0.2962,0.1883,0.7737,0.1287,0.1036,2.2072,0.3731,2.2055,0.228,0.0812,1.3445,7.8669,34.6776,4.4,<2.5,0.320820532,0.005059262,0.28476982100000003,0.03099145,125967000.0,%
103,40864.0,JEY,Europe,Jersey,2021-05-02,,,,,,,101073.0,,,,,,,,,,,,,,,,,,,,,,,,,,,,,,,,,,,,,,,,,,,,,
104,41300.0,JOR,Asia,Jordan,2021-05-12,721853.0,0.0,9151.0,70748.12299999999,896.8810000000001,,10203140.0,109.285,23.2,3.81,2.3609999999999998,8337.49,0.1,208.257,11.75,,,,1.4,74.53,0.7290000000000001,0.0846,0.1162,9.3186,0.0,14.138,0.3344,0.5985,4.6624,3.8651,4.2637,0.3579,0.1397,0.728,0.6393,0.0469,2.1431,0.3742,4.7276,0.0,0.1652,1.9861,10.6308,40.6798,33.4,12.2,3.1262758689999997,0.04091207,2.9917595280000002,0.09360427,10679000.0,%
105,41726.0,KAZ,Asia,Kazakhstan,2021-05-12,404348.0,2456.0,3387.0,21534.553,180.38299999999998,,18776707.0,6.681,30.6,6.9910000000000005,4.625,24055.588,0.1,466.792,7.11,7.0,43.1,98.999,6.7,73.6,0.825,2.1919,0.3611,19.1598,0.0,6.5119,0.4584,0.2393,3.2145,3.4501,14.3591,0.2967,0.2914,0.1154,0.0255,0.0106,5.4755,0.1319,1.456,0.0,0.0845,1.1215,10.2055,30.8394,21.3,<2.5,1.2994020929999999,0.016650651000000002,1.1377642540000001,0.14498718800000002,18732000.0,%
106,42159.0,KEN,Africa,Kenya,2021-05-12,164386.0,410.0,2950.0,3057.133,54.861999999999995,,53771300.0,87.324,20.0,2.6860000000000004,1.528,2993.028,36.8,218.637,2.92,1.2,20.4,24.651,1.4,66.7,0.601,1.9664,0.1175,11.4394,0.0,15.1221,0.1447,0.4329,4.6941,1.7336,8.7987,0.025,0.21100000000000002,0.2686,1.751,0.0174,7.5828,0.223,1.8098,0.0,0.0892,0.6689,4.345,38.5589,6.0,29.4,0.18997534,0.00331789,0.157491406,0.029166044,53528000.0,%
107,42584.0,OWID_KOS,Europe,Kosovo,2021-05-12,106243.0,113.0,2222.0,54969.179000000004,1149.643,,1932774.0,168.155,,,,9795.834,0.6,,,,,,,,,,,,,,,,,,,,,,,,,,,,,,,,,,,,,,,
108,43028.0,KWT,Asia,Kuwait,2021-05-12,288184.0,985.0,1669.0,67481.50099999999,390.815,,4270563.0,232.128,33.7,2.345,1.114,65530.537000000004,,132.235,15.84,2.7,37.0,,2.0,75.49,0.8059999999999999,0.0044,0.0022,10.7213,0.0022,11.4132,1.3306,0.8343,5.3058,4.877,3.4788,0.8554,0.1969,0.2783,0.4353,0.20199999999999999,3.2296,0.2696,2.9163,0.0276,0.1512,1.1976,12.9953,39.275,37.0,2.8,3.624728203,0.020549988999999998,3.434086549,0.170091665,4691000.0,%
109,43449.0,KGZ,Asia,Kyrgyzstan,2021-05-12,99316.0,283.0,1675.0,15222.73,256.737,,6524191.0,32.333,26.3,4.489,2.8819999999999997,3393.474,1.4,436.36199999999997,7.11,3.6,50.5,89.22,4.5,71.45,0.6970000000000001,0.6313,0.191,15.4588,0.0,10.1059,0.2653,0.07,2.2846,1.8707,12.8008,0.2076,0.2604,0.0098,0.3439,0.0197,5.8068,0.0608,3.2495,0.0,0.1449,0.355,11.3219,34.5412,15.4,7.1,1.28892933,0.021580224,1.236609039,0.030740067000000003,6594000.0,%
110,43864.0,LAO,Asia,Laos,2021-05-12,1417.0,55.0,1.0,194.762,0.13699999999999998,,7275556.0,29.715,24.4,4.029,2.322,6397.36,22.7,368.111,4.0,7.3,51.2,49.839,1.5,67.92,0.613,0.7883,0.0979,3.6579,0.0006,16.3943,0.1063,1.4213,8.8158,1.7111,0.1632,0.3404,0.1581,0.3584,0.1485,0.1317,3.4835,0.9869,1.1101,1.9254,0.0028,0.2149,11.640999999999998,46.3416,4.5,16.5,0.000621375,0.0,0.000566142,5.520000000000001e-05,7242000.0,%
111,44307.0,LVA,Europe,Latvia,2021-05-12,125689.0,729.0,2223.0,66636.023,1178.559,,1886202.0,31.212,43.9,19.754,14.136,25063.846,0.7,350.06,4.91,25.6,51.0,,5.57,75.29,0.866,5.4573,1.1805,18.8216,0.0005,6.3952,0.6645,1.3226,2.5738,3.6559,11.8285,0.2596,0.1686,0.1107,0.0032,0.0122,6.5835,0.1963,2.6169,0.0,0.0793,0.6990000000000001,6.1946,31.1757,25.7,<2.5,3.7497371189999997,0.069768665,3.122975815,0.556992639,1902000.0,%
112,44754.0,LBN,Asia,Lebanon,2021-05-12,534388.0,703.0,7549.0,78293.538,1106.009,,6825442.0,594.561,31.1,8.514,5.43,13367.565,,266.591,12.71,26.9,40.7,,2.9,78.93,0.7440000000000001,0.7164,0.0796,8.0679,0.0,11.8253,0.17300000000000001,0.7091,6.9852,1.9469,5.0748,0.0747,0.0853,0.5052,0.5011,0.0406,3.2676,0.3647,5.1366,0.0,0.5271,1.4807,10.5128,41.9252,31.3,11,4.656937729,0.052190476,2.947062271,1.657684982,6825000.0,%
113,45119.0,LSO,Africa,Lesotho,2021-05-12,10774.0,1.0,319.0,5029.287,148.909,,2142252.0,73.562,22.2,4.506,2.647,2851.153,59.6,405.126,3.94,0.4,53.9,2.117,,54.33,0.527,3.4135,0.0233,6.0914,0.0,23.4645,0.1204,0.2383,1.8065,2.529,2.7893,0.3898,0.3924,0.0725,1.1603,0.1165,7.1935,0.0363,2.2079,0.0,0.0052,0.6786,3.3721,43.8988,13.5,13.1,0.437908497,0.008543417,0.126330532,0.303034547,2142000.0,%
114,45542.0,LBR,Africa,Liberia,2021-05-12,2114.0,0.0,85.0,417.978,16.805999999999997,,5057677.0,49.126999999999995,19.2,3.057,1.756,752.788,38.6,272.509,2.42,1.5,18.1,1.188,0.8,64.1,0.48,1.0338,0.0264,3.7603,0.0,16.1465,0.1598,0.7764,5.3606,2.4123,0.1545,0.2997,0.2311,0.4159,0.0977,0.0013,15.3608,0.0132,1.1236,1.1804,0.0779,1.9567,3.1728,46.2383,8.6,37.2,0.038671412,0.001660735,0.034994068999999996,0.002016607,5058000.0,%
115,45977.0,LBY,Africa,Libya,2021-05-12,180945.0,253.0,3082.0,26333.495,448.533,,6871287.0,3.623,29.0,4.4239999999999995,2.8160000000000003,17881.509,,341.86199999999997,10.43,,,,3.7,72.91,0.7240000000000001,,,,,,,,,,,,,,,,,,,,,,,,,,,,,,,
116,46412.0,LIE,Europe,Liechtenstein,2021-05-12,2978.0,3.0,58.0,78086.897,1520.8329999999999,,38137.0,237.012,,,,,,,7.77,,,,2.397,82.49,0.919,,,,,,,,,,,,,,,,,,,,,,,,,,,,,,,
117,46851.0,LTU,Europe,Lithuania,2021-05-12,261128.0,1266.0,4059.0,95922.148,1491.024,,2722291.0,45.135,43.5,19.002,13.777999999999999,29524.265,0.7,342.98900000000003,3.67,21.3,38.0,,6.56,75.93,0.882,5.5419,0.5316,23.049,0.0009,6.4732,0.7,1.5431,2.4007,3.7899,16.3529,0.0126,0.1301,0.0867,0.4388,0.0546,2.2766,0.2164,4.502,0.0,0.055,0.4924,4.4045,26.9471,28.4,<2.5,6.667072298,0.10476019999999998,4.939620616,1.6226914819999998,2794000.0,%
118,47295.0,LUX,Europe,Luxembourg,2021-05-12,68748.0,196.0,806.0,109825.29699999999,1287.589,,625976.0,231.447,39.7,14.312000000000001,9.842,94277.965,0.2,128.275,4.42,20.9,26.0,,4.51,82.25,0.9159999999999999,8.0858,0.5443,14.6038,0.0051,5.1366,0.7875,1.6249,4.4841,4.0469,7.4929,0.3877,0.1036,0.1658,0.0399,0.0586,2.2067,1.2823,8.1121,0.0,0.0308,0.563,4.8536,35.3838,24.2,<2.5,8.150632911,0.09335443,7.661550632999999,0.395727848,632000.0,%
119,47388.0,MAC,Asia,Macao,2021-05-11,,,,,,,649342.0,20546.766,39.2,9.798,4.9910000000000005,104861.851,,,,,,,,84.24,,,,,,,,,,,,,,,,,,,,,,,,,,,,,,,,
120,47807.0,MDG,Africa,Madagascar,2021-05-12,39510.0,159.0,738.0,1426.816,26.651,,27691019.0,43.951,19.6,2.929,1.686,1416.44,77.6,405.994,3.94,,,50.54,0.2,67.04,0.528,0.7972,0.0415,4.9125,0.0024,19.9604,0.077,0.6267,5.0701,1.4618,2.5031,0.0782,0.2002,0.1848,0.3708,0.0486,14.4675,0.2085,1.0922,0.5852,0.0261,0.3115,1.8871,45.0869,4.5,44.4,0.068849085,0.00101477,0.065779495,0.002054819,27691000.0,%
121,48217.0,MWI,Africa,Malawi,2021-05-12,34183.0,0.0,1153.0,1786.8829999999998,60.272,,19129955.0,197.519,18.1,2.9789999999999996,1.7830000000000001,1095.042,71.4,227.34900000000002,3.94,4.4,24.7,8.704,1.3,64.26,0.483,1.1827,0.0814,2.7754,0.0,10.6197,0.0829,0.6970000000000001,8.4723,1.4923,0.2524,0.0396,0.1695,0.5436,1.1841,0.0139,20.2901,0.0389,0.6412,0.0,0.0161,0.204,3.9786,47.2242,4.7,17.5,0.140486147,0.004375327,0.059320439,0.076790382,19130000.0,%
122,48691.0,MYS,Asia,Malaysia,2021-05-12,453222.0,4765.0,1761.0,14003.028999999999,54.409,,32365998.0,96.25399999999999,29.9,6.292999999999999,3.407,26808.164,0.1,260.942,16.74,1.0,42.4,,1.9,76.16,0.81,0.8948,0.0882,12.6354,0.0204,17.3088,1.6596,5.3482,4.1713,4.9092,0.53,0.1541,0.0789,0.5801,0.2617,0.4502,1.6568,0.1012,3.903,0.0,0.0835,1.6336,6.1678,37.3632,15.3,2.5,0.7282297670000001,0.002614319,0.57036088,0.155254568,32781000.0,%
123,49122.0,MDV,Asia,Maldives,2021-05-12,40092.0,1572.0,87.0,74170.0,160.95,,540542.0,1454.433,30.6,4.12,2.875,15183.616000000002,,164.905,9.19,2.1,55.0,95.803,,78.92,0.74,0.6859,0.0029,14.2704,0.0068,11.5385,1.1422,8.7959,6.0777,2.0051,2.3155,3.0315,0.0019,0.2082,0.0808,0.3434,1.6403,0.396,2.9789999999999996,0.1002,0.7569,0.1819,7.718,35.7208,7.9,10.3,3.078743068,0.009981516,2.6905730130000003,0.37818854,541000.0,%
124,49536.0,MLI,Africa,Mali,2021-05-12,14149.0,16.0,507.0,698.687,25.035999999999998,,20250834.0,15.196,16.4,2.519,1.486,2014.306,,268.024,2.42,1.6,23.0,52.232,0.1,59.31,0.434,2.8904,0.0444,10.1637,0.0,19.8566,0.0573,0.7543,3.8991,1.9124,7.1206,0.1841,0.2746,0.491,0.7955,0.0638,2.6772,0.0614,0.8811,0.0,0.2374,0.5144,7.2943,39.8262,7.1,6.3,0.040294306,0.001669053,0.02989482,0.008730433000000001,20251000.0,%
125,49998.0,MLT,Europe,Malta,2021-05-12,30469.0,5.0,417.0,69006.36200000001,944.424,,441539.0,1454.037,42.4,19.426,11.324000000000002,36513.323,0.2,168.71099999999998,8.83,20.9,30.2,,4.485,82.53,0.895,3.9051,0.2062,13.6092,0.0017,7.8996,0.6714,1.7922,4.631,4.6096,6.2546,0.0315,0.0747,0.2899,0.2197,0.0331,2.059,0.2101,5.2164,0.0,0.1236,0.486,11.2856,36.3899,31.0,<2.5,3.55862069,0.053448275999999996,3.0452107280000003,0.45996168600000004,522000.0,%
126,50195.0,MHL,Oceania,Marshall Islands,2021-05-12,4.0,0.0,,67.574,,,59194.0,295.15,,,,3819.202,,557.793,30.53,,,82.50200000000001,2.7,73.7,0.7040000000000001,,,,,,,,,,,,,,,,,,,,,,,,,,,,,,,
127,50620.0,MRT,Africa,Mauritania,2021-05-12,18745.0,54.0,457.0,4031.478,98.287,,4649660.0,4.289,20.3,3.138,1.7919999999999998,3597.633,6.0,232.347,2.42,,,15.95,,64.92,0.546,0.0055,0.1127,15.0193,0.0,20.4873,0.2539,1.0025,1.2991,3.3994,9.825,0.7519,0.4279,0.0799,1.0999,0.0066,1.0168,0.3677,4.3166,0.0,0.0,1.5716,3.9784,34.9779,11.3,10.4,0.36111828,0.009139785,0.343763441,0.008215054,4650000.0,%
128,51041.0,MUS,Africa,Mauritius,2021-05-12,1266.0,9.0,17.0,995.465,13.367,,1271767.0,622.962,37.4,10.945,5.8839999999999995,20292.745,0.5,224.644,22.02,3.2,40.7,,3.4,74.99,0.804,3.0805,0.0074,9.27,0.0102,17.1855,0.591,2.1303,3.568,4.6992,1.7166,1.0545,0.1173,0.4479,0.856,0.1847,1.8348,0.1625,3.568,0.0,0.0369,2.049,6.7122,40.7175,11.5,6.5,0.046166008,0.000790514,0.042687747000000005,0.0026877470000000003,1265000.0,%
129,51539.0,MEX,North America,Mexico,2021-05-12,2371483.0,3090.0,219590.0,18393.177,1703.136,,128932753.0,66.444,29.3,6.857,4.321000000000001,17336.468999999997,2.5,152.783,13.06,6.9,21.4,87.84700000000001,1.38,75.05,0.779,4.4105,0.1672,15.1527,0.0201,11.4325,1.2967,0.9656,7.6794,4.3561,7.9917,0.0275,0.3552,0.1947,0.7071,0.1121,1.1644,0.0248,3.2266,0.0,0.1121,0.6856,5.0713,34.8456,28.4,3.6,1.507199199,0.129731126,1.1598049959999999,0.217663078,127792000.0,%
130,51651.0,FSM,Oceania,Micronesia (country),2021-05-12,1.0,0.0,,8.693999999999999,,,115021.0,150.77700000000002,23.0,4.81,2.392,3299.4640000000004,16.0,454.343,12.02,,,,,67.88,0.62,,,,,,,,,,,,,,,,,,,,,,,,,,,,,,,
131,52082.0,MDA,Europe,Moldova,2021-05-12,253173.0,224.0,5981.0,62760.367,1482.661,,4033963.0,123.655,37.6,10.864,6.955,5189.972,0.2,408.50199999999995,5.72,5.9,44.6,86.979,5.8,71.9,0.75,3.8296,0.4339,16.5343,0.0,11.6462,0.6795,0.991,3.4256,3.2622,10.9992,0.5083,0.1694,0.0616,0.0642,0.0068,3.9066,0.083,2.6632,0.0,0.018000000000000002,0.825,6.4285,33.464,20.1,,4.646195191,0.09985855699999999,4.333691655,0.21264497899999998,3535000.0,%
132,52521.0,MCO,Europe,Monaco,2021-05-12,2487.0,1.0,32.0,63372.745,815.4110000000001,,39244.0,19347.5,,,,,,,5.46,,,,13.8,86.75,,,,,,,,,,,,,,,,,,,,,,,,,,,,,,,,
133,52950.0,MNG,Asia,Mongolia,2021-05-12,47033.0,585.0,193.0,14346.8,58.872,,3278292.0,1.98,28.6,4.031000000000001,2.421,11840.846000000001,0.5,460.043,4.82,5.5,46.5,71.18,7.0,69.87,0.737,3.1430000000000002,0.3846,25.8904,0.0,10.1415,0.3727,0.044000000000000004,1.0413,8.0929,15.856,0.5962,1.1411,0.0266,0.0366,0.0037,2.6155,0.1401,1.4680000000000002,0.0,0.0137,0.555,4.3326,24.1046,19.6,13.4,0.06019042,5.9499999999999996e-05,0.043112169000000006,0.017018744,3361000.0,%
134,53372.0,MNE,Europe,Montenegro,2021-05-12,98546.0,97.0,1548.0,156904.892,2464.725,,628062.0,46.28,39.1,14.762,9.395,16409.288,1.0,387.305,10.08,44.0,47.9,,3.861,76.88,0.8290000000000001,2.2188,0.2067,22.8328,0.0014,5.0447,0.5542,0.6472,5.7297,3.3604,17.9487,0.847,0.1132,0.0865,0.2113,0.0175,1.1955,0.2605,6.0418,0.0,0.0948,0.4258,5.0001,27.1612,24.9,<2.5,10.40819936,0.134405145,9.039871383,1.23392283,622000.0,%
135,53445.0,MSR,North America,Montserrat,2021-04-21,,,,,,,4999.0,,,,,,,,,,,,,74.16,,,,,,,,,,,,,,,,,,,,,,,,,,,,,,,,
136,53906.0,MAR,Africa,Morocco,2021-05-12,514432.0,268.0,9088.0,13937.258999999998,246.217,,36910558.0,80.08,29.6,6.769,4.209,7485.013000000001,1.0,419.14599999999996,7.14,0.8,47.1,,1.1,76.68,0.6859999999999999,0.287,0.1449,8.4754,0.0,18.7029,0.4848,1.3901,7.211,2.5074,3.7539999999999996,0.0079,0.1949,0.1892,0.3306,0.1185,3.4356,0.2042,2.6816,0.0,0.2549,0.8168,7.2860000000000005,41.5224,25.6,3.4,1.321111482,0.023311638,1.2625751,0.035224744,35952000.0,%
137,54323.0,MOZ,Africa,Mozambique,2021-05-12,70287.0,20.0,826.0,2248.7929999999997,26.427,,31255435.0,37.728,17.7,3.158,1.87,1136.103,62.9,329.94199999999995,3.3,5.1,29.1,12.227,0.7,60.85,0.456,1.2195,0.0297,4.0111,0.0,13.1904,0.1932,1.1353,2.8312,0.9302,1.6385,0.1565,0.0852,0.1258,1.2809,0.004,22.2864,0.105,1.0649,0.0,0.2011,0.7509,2.7738,45.9864,6.0,27.9,0.141538856,0.00144709,0.085959058,0.054132709,31166000.0,%
138,54735.0,MMR,Asia,Myanmar,2021-05-12,142997.0,23.0,3211.0,2628.1479999999997,59.015,,54409794.0,81.721,29.1,5.732,3.12,5591.597,6.4,202.104,4.61,6.3,35.2,79.28699999999999,0.9,67.13,0.583,0.2195,0.1751,13.5188,0.0034,16.7608,0.4613,4.0424,4.0287,4.9753,3.6306,0.3391,0.2298,1.1003,1.2806,0.217,1.4514,0.2298,2.8592,0.0,0.2913,0.6322,7.0725,36.4807,5.7,10.6,,,,,54704000.0,%
139,55160.0,NAM,Africa,Namibia,2021-05-12,50515.0,214.0,702.0,19880.626,276.278,,2540916.0,3.0780000000000003,22.0,3.552,2.085,9541.808,13.4,243.81099999999998,3.94,9.7,34.2,44.6,,63.71,0.6459999999999999,5.4716,0.1134,9.6094,0.0053,9.9189,0.1196,1.0164,3.1266,2.6844,5.4479,0.7228,0.2207,0.0818,0.7298,0.1266,12.8231,0.0888,3.9848,0.0009,0.0114,0.9531,2.3626,40.38,15.0,27.3,1.3712711530000001,0.014600551000000002,1.312829595,0.043841007,2541000.0,%
140,55183.0,NRU,Oceania,Nauru,2021-04-30,,,,,,,10834.0,682.45,,,,12895.635,,,24.07,43.0,36.9,,5.0,59.96,,,,,,,,,,,,,,,,,,,,,,,,,,,,,,,,
141,55657.0,NPL,Asia,Nepal,2021-05-12,422349.0,9238.0,4252.0,14495.376,145.93200000000002,,29136808.0,204.43,25.0,5.809,3.2119999999999997,2442.804,15.0,260.797,7.26,9.5,37.8,47.782,0.3,70.78,0.602,0.3318,0.0312,5.4355,0.0,18.1511,0.1435,0.205,4.7443,0.9817,3.9212,0.0594,0.1536,0.0594,0.9107,0.4195,6.0521,0.0319,0.547,3.0677,0.0978,0.8209,9.277000000000001,44.5576,3.8,8.7,0.9061408190000001,0.006784238000000001,0.89282571,0.006530871,29996000.0,%
142,56098.0,NLD,Europe,Netherlands,2021-05-12,1604659.0,6379.0,17664.0,93648.724,1030.88,,17134873.0,508.54400000000004,43.2,18.779,11.880999999999998,48472.545,,109.361,5.29,24.4,27.3,,3.32,82.28,0.9440000000000001,4.3903,0.3343,24.2977,0.0111,4.9685,0.747,1.1517,4.923,4.0105,18.0051,0.0,0.0397,0.1111,0.0852,0.064,4.2639,0.2904,2.3446,0.0,0.1587,0.8485,3.2587,25.6959,23.1,<2.5,5.815291693,0.08283048,0.076063434,5.656397779,17467000.0,%
143,56197.0,NCL,Oceania,New Caledonia,2021-05-11,,,,,,,285491.0,15.342,33.4,9.954,6.489,,,,23.36,,,,,77.55,,5.0363,0.0821,11.7818,0.0804,8.584,0.7494,2.0361,5.5855,5.8687,2.7675,3.6589,0.1993,2.2961,0.1275,0.0488,2.5648,0.1745,3.1901,0.0,0.0376,1.3157,5.5941,38.2208,,7.1,,,,,295000.0,%
144,56637.0,NZL,Oceania,New Zealand,2021-05-12,2644.0,1.0,26.0,548.294,5.392,,4822233.0,18.206,37.9,15.322000000000001,9.72,36085.843,,128.797,8.08,14.8,17.2,,2.61,82.29,0.9309999999999999,5.222,0.7446,17.5777,0.017,7.7522,0.7067,1.6771,4.0202,6.8421,7.4627,0.0,0.1275,0.3296,0.2414,0.0495,3.3719,0.2374,3.8188,0.0109,0.1499,0.5364,6.6889,32.4155,32.0,<2.5,0.046520954,0.000501303,0.04469621,0.001323441,4987000.0,%
145,57057.0,NIC,North America,Nicaragua,2021-05-12,7086.0,0.0,184.0,1069.657,27.775,,6624554.0,51.667,27.3,5.445,3.5189999999999997,5321.444,3.2,137.016,11.47,,,,0.9,74.48,0.66,1.7194,0.0836,13.1538,0.003,16.8052,0.5489999999999999,0.6557,3.8377,3.1044,8.5527,0.6658,0.2055,0.3354,1.3618,0.006,1.9118,0.005,5.7021,0.0,0.003,0.9227,3.5808,36.8356,21.8,17,0.095497271,0.00257732,0.064053972,0.028865979,6596000.0,%
146,57476.0,NER,Africa,Niger,2021-05-12,5325.0,1.0,192.0,219.981,7.932,,24206636.0,16.955,15.1,2.553,1.3780000000000001,926.0,44.5,238.33900000000003,2.42,0.1,15.4,8.978,0.3,62.42,0.39399999999999996,0.0558,0.1185,7.2385,0.0,22.2843,0.0239,0.2022,2.5503,1.2702,5.4224,0.0687,0.2022,1.4804,3.4838,0.0807,1.3489,0.0349,0.3666,0.0,0.0,0.3975,10.6117,42.7585,4.7,16.5,0.01900864,0.000682128,0.016329737,0.001996775,24189000.0,%
147,57916.0,NGA,Africa,Nigeria,2021-05-12,165559.0,44.0,2066.0,803.14,10.022,,206139587.0,209.588,18.1,2.7510000000000003,1.4469999999999998,5338.454000000001,,181.013,2.42,0.6,10.8,41.949,,54.69,0.539,4.0037,0.0151,1.7391,0.0,10.922,0.1976,0.7239,4.4268,0.5675,0.17300000000000001,0.0437,0.0627,0.4763,0.8311,0.1715,19.5271,0.0064,0.6501,0.0,0.0841,0.8573,6.2627,48.2585,7.8,13.4,0.06754729799999999,0.000798972,0.054602212000000004,0.012146114,206140000.0,%
148,58393.0,OWID_NAM,,North America,2021-05-12,38188150.0,54475.0,860163.0,64499.143,1452.8010000000002,,592072204.0,,,,,,,,,,,,,,,,,,,,,,,,,,,,,,,,,,,,,,,,,,,,,
149,58835.0,MKD,Europe,North Macedonia,2021-05-12,154372.0,150.0,5151.0,74096.9,2472.425,,2083380.0,82.6,39.1,13.26,8.16,13111.214,5.0,322.688,10.08,,,,4.28,75.8,0.774,1.9045,0.3784,12.0639,0.0,7.3937,0.2847,0.3507,5.0893,2.0683,8.8045,0.2959,0.1773,0.3253,0.2847,0.1288,3.6779,0.2474,2.9104,0.0,0.1796,0.9505,14.5512,37.933,23.9,3.2,4.548028846,0.14019230800000002,4.025721154,0.382115385,2080000.0,%
150,58953.0,OWID_CYN,Asia,Northern Cyprus,2021-05-11,,,,,,,,,,,,,,,,,,,,,,,,,,,,,,,,,,,,,,,,,,,,,,,,,,,,
151,59396.0,NOR,Europe,Norway,2021-05-12,117995.0,500.0,774.0,21765.307999999997,142.77200000000002,,5421242.0,14.462,39.7,16.820999999999998,10.812999999999999,64800.057,0.2,114.316,5.31,19.6,20.7,,3.6,82.4,0.9570000000000001,3.7939,0.6119,21.1992,0.0005,5.9777,0.6194,2.7466,4.2801,3.6083,13.5227,3.6634,0.0893,0.3113,0.3204,0.0235,2.8097,0.4819,2.2652,0.0,0.099,0.8697,3.9131,28.7933,25.0,<2.5,1.2001670690000001,0.010803786999999999,0.334100613,0.855262669,5387000.0,%
152,59870.0,OWID_OCE,,Oceania,2021-05-12,45789.0,523.0,1070.0,1072.9,25.072,,42677809.0,,,,,,,,,,,,,,,,,,,,,,,,,,,,,,,,,,,,,,,,,,,,,
153,60314.0,OMN,Asia,Oman,2021-05-12,202713.0,0.0,2148.0,39696.104,420.63,,5106622.0,14.98,30.7,2.355,1.53,37960.709,,266.342,12.61,0.5,15.6,97.4,1.6,77.86,0.813,0.2621,0.0571,13.5101,0.0,9.6835,0.5741,2.0105,9.787,3.0531,7.6265,0.0423,0.1888,0.1338,0.2776,0.2297,1.6984,0.1395,2.5903,0.0077,0.0521,0.6995,10.8902,36.486,22.9,6.8,2.8652875030000002,0.032505835,2.700318269,0.132463399,4713000.0,%
154,60757.0,PAK,Asia,Pakistan,2021-05-12,870703.0,3265.0,19336.0,3941.7529999999997,87.536,,220892331.0,255.57299999999998,23.5,4.495,2.78,5034.708,4.0,423.031,8.35,2.8,36.7,59.607,0.6,67.27,0.557,0.0085,0.0969,22.2758,0.0011,14.6224,0.3577,0.1831,2.4099,1.7957,19.6466,0.0117,0.1969,0.3577,0.6993,0.1618,1.8202,0.5258,2.6707,1.7915,0.0852,0.3417,2.2173,27.7226,7.8,20.3,0.250961347,0.005416403,0.230941432,0.014603511999999999,220940000.0,%
155,61191.0,PSE,Asia,Palestine,2021-05-12,303270.0,493.0,3401.0,59448.2,666.678,,5101416.0,778.202,20.4,3.043,1.726,4449.898,1.0,265.91,10.59,,,,,74.05,0.708,,,,,,,,,,,,,,,,,,,,,,,,,,,,,,,
156,61621.0,PAN,North America,Panama,2021-05-12,368930.0,562.0,6285.0,85504.01800000001,1456.625,,4314768.0,55.133,29.7,7.917999999999999,5.03,22267.037,2.2,128.346,8.33,2.4,9.9,,2.3,78.51,0.815,6.6254,0.2467,12.3346,0.0031,14.2627,0.4604,1.005,6.6783,4.98,5.353,0.7431,0.2873,0.4589,0.4129,0.0153,1.3758,0.1195,4.2277,0.0,0.036000000000000004,0.7645,1.9480000000000002,37.6619,22.5,10,7.622320802999999,0.12736399699999998,6.773850105,0.721106701,4283000.0,%
157,62040.0,PNG,Oceania,Papua New Guinea,2021-05-12,12997.0,504.0,130.0,1452.661,14.53,,8947027.0,18.22,22.6,3.8080000000000003,2.142,3823.1940000000004,,561.494,17.65,23.5,48.8,,,64.5,0.555,,,,,,,,,,,,,,,,,,,,,,,,,,,,,,,
158,62472.0,PRY,South America,Paraguay,2021-05-12,304889.0,2828.0,7358.0,42746.263,1031.612,,7132530.0,17.144000000000002,26.5,6.377999999999999,3.833,8827.01,1.7,199.128,8.27,5.0,21.6,79.602,1.3,74.25,0.728,3.9095,0.2191,11.2654,0.0,7.5639,0.9035,0.3119,5.4532,4.0434,5.3208,0.1788,0.4675,0.2745,0.6185,0.0082,12.5302,1.0112,2.4084,0.0,0.0015,1.0733,3.7113,38.726,19.0,10.7,1.896664369,0.038690558,1.562591316,0.295382495,7255000.0,%
159,62965.0,PER,South America,Peru,2021-05-12,1865639.0,12269.0,64898.0,56582.789000000004,1968.285,,32971846.0,25.129,29.1,7.151,4.455,12236.706,3.5,85.755,5.95,4.8,,,1.6,76.74,0.777,3.8623,0.0316,8.6638,0.0014,11.814,0.6431,1.7993,8.5783,1.754,4.0729,0.0719,0.3629,0.2458,0.6367,0.0172,8.7924,0.2501,1.7339,0.0,0.023,0.5066,4.8044,41.3344,19.1,9.7,3.5737417739999997,0.12775103599999998,3.310513649,0.13547709,32824000.0,%
160,63434.0,PHL,Asia,Philippines,2021-05-12,1118359.0,4812.0,18714.0,10205.767,170.778,,109581085.0,351.87300000000005,25.2,4.803,2.661,7599.188,,370.43699999999995,7.07,7.8,40.8,78.46300000000001,1.0,71.23,0.718,1.9716,0.3074,6.7108,0.0,20.0498,0.3527,2.4506,8.5466,3.2257,0.1045,0.1925,0.2717,0.5425,0.1106,0.034,2.8773,0.5399,2.3774,0.0,0.1838,0.4119,5.4481,43.2905,6.0,13.3,0.48869877100000003,0.010138619,0.44575702,0.032803132,109581000.0,%
161,63869.0,POL,Europe,Poland,2021-05-12,2842339.0,4159.0,70679.0,75101.558,1867.5120000000002,,37846605.0,124.027,41.8,16.762999999999998,10.202,27216.445,,227.331,5.91,23.3,33.1,,6.62,78.73,0.88,6.8201,0.9842,16.559,0.0,7.9033,0.3702,0.5845,3.0079,4.85,9.7542,0.0,0.017,0.0798,0.1099,0.0202,5.5631,0.1509,2.4775,0.0,0.0476,0.3959,6.8655,33.439,25.6,<2.5,4.02817452,0.101631568,3.392334758,0.534208194,38368000.0,%
162,64311.0,PRT,Europe,Portugal,2021-05-12,840493.0,485.0,16998.0,82427.886,1667.009,,10196707.0,112.37100000000001,46.2,21.502,14.924000000000001,27936.896,0.5,127.84200000000001,9.85,16.3,30.0,,3.39,82.05,0.8640000000000001,4.7147,0.4077,18.6614,0.0005,6.2984,0.4053,2.7295,6.5126,4.5168,10.3936,0.1393,0.2079,0.0965,0.1618,0.0173,3.1060000000000003,0.2684,1.7316,0.0,0.2319,0.7246,7.3366,31.3374,23.2,<2.5,7.429605071,0.13607021,5.84683569,1.446699171,10255000.0,%
163,64750.0,QAT,Asia,Qatar,2021-05-12,212124.0,392.0,519.0,73627.068,180.142,,2881060.0,227.322,31.9,1.307,0.617,116935.6,,176.69,16.52,0.8,26.9,,1.2,80.23,0.848,,,,,,,,,,,,,,,,,,,,,,,,,,,,,,,
164,65192.0,ROU,Europe,Romania,2021-05-12,1068817.0,930.0,29233.0,55558.513,1519.57,,19237682.0,85.12899999999999,43.0,17.85,11.69,23313.199,5.7,370.94599999999997,9.74,22.9,37.1,,6.892,76.05,0.828,4.7679,0.3474,15.9287,0.0,8.0412,0.6848,0.2844,4.2115,3.0499,11.4018,0.2567,0.1594,0.0974,0.1045,0.1274,4.713,0.1398,1.4126,0.0,0.1093,0.7301,9.3641,34.0679,24.5,<2.5,3.863328309,0.097754794,3.583358453,0.18221506199999998,19241000.0,%
165,65660.0,RUS,Europe,Russia,2021-05-12,4849044.0,8096.0,112410.0,33227.546,770.2769999999999,,145934460.0,8.823,39.6,14.177999999999999,9.392999999999999,24765.953999999998,0.1,431.29699999999997,6.18,23.4,58.3,,8.05,72.58,0.8240000000000001,3.7425,0.2486,16.1525,0.0023,8.2803,0.9029,1.1312,3.162,4.3180000000000005,9.3253,0.0118,0.2249,0.1319,0.1426,0.0118,6.3194,0.1809,4.6144,0.0,0.0118,0.8663,6.3713,33.8472,25.7,<2.5,2.663104414,0.051120062,2.316142245,0.295842108,146733000.0,%
166,66085.0,RWA,Africa,Rwanda,2021-05-12,25846.0,73.0,340.0,1995.49,26.25,,12952209.0,494.869,20.3,2.9739999999999998,1.642,1854.211,56.0,191.375,4.28,4.7,21.0,4.617,,69.02,0.5429999999999999,1.3631,0.0186,2.6366,0.0,3.5380000000000003,0.0269,0.5279,15.7285,0.6257,1.3521,0.0283,0.0855,0.2233,2.5036,0.0179,20.4415,0.011000000000000001,0.5782,0.0,0.0,0.2109,2.7193,47.3634,4.8,36.8,0.12613496,0.001675417,0.093012662,0.031446881,12952000.0,%
167,66151.0,SHN,Africa,Saint Helena,2021-04-09,,,,,,,6071.0,,,,,,,,,,,,,80.56,,,,,,,,,,,,,,,,,,,,,,,,,,,,,,,,
168,66565.0,KNA,North America,Saint Kitts and Nevis,2021-05-12,45.0,0.0,,845.992,,,53192.0,212.865,,,,24654.385,,,12.84,,,,2.3,76.23,0.779,4.0867,0.1735,14.0252,0.0,6.3135,0.3868,3.4174,7.5449,7.8207,1.895,1.5442,0.3318,0.9470000000000001,0.5422,0.0901,2.715,0.0749,6.4623,0.0,0.0673,1.385,4.209,35.9677,23.1,,0.074074074,0.0,0.066666667,0.0074074069999999995,54000.0,%
169,66990.0,LCA,North America,Saint Lucia,2021-05-12,4725.0,25.0,75.0,25731.23,408.43199999999996,,183629.0,293.187,34.9,9.721,6.405,12951.839,,204.62,11.62,,,87.20200000000001,1.3,76.2,0.759,7.8024,0.0252,14.8893,0.0009,7.2091,0.3326,3.0652,5.9453,8.17,2.8881,1.6054,0.4063,0.6274,0.5663,0.17800000000000002,2.6427,0.0602,3.7043,0.0,0.0575,0.6103,4.1169,35.0964,19.8,,0.9961538459999999,0.00989011,0.480769231,0.505494505,182000.0,%
170,67415.0,VCT,North America,Saint Vincent and the Grenadines,2021-05-12,1926.0,4.0,12.0,17359.64,108.16,,110947.0,281.78700000000003,31.8,7.724,4.832,10727.146,,252.675,11.62,,,,2.6,72.53,0.738,2.526,0.022000000000000002,11.0865,0.0,9.0142,0.3412,1.3785,10.470999999999998,6.9184,2.2593,1.9325,0.1672,0.1049,0.6452,0.2113,4.3734,0.2933,3.4592,0.0,0.0357,0.7227,5.1371,38.9005,23.8,5.7,1.082882883,0.002702703,0.361261261,0.718918919,111000.0,%
171,67591.0,WSM,Oceania,Samoa,2021-05-12,3.0,0.0,,15.12,,,198410.0,69.413,22.0,5.606,3.5639999999999996,6021.557,,348.977,9.21,16.7,38.1,,,73.32,0.715,1.4236,0.2262,11.163,0.1236,3.6768,0.1314,2.7788,10.7845,5.7993,1.9647,0.7751,0.1398,10.5187,0.0,0.0582,7.6944,0.1344,2.0811,0.0036,0.0108,0.5117,1.1656,38.8349,45.5,2.7,0.001,0.0,0.001,0.0,200000.0,%
172,68032.0,SMR,Europe,San Marino,2021-05-12,5083.0,0.0,90.0,149773.116,2651.895,,33938.0,556.6669999999999,,,,56861.47,,,5.64,,,,3.8,84.97,,,,,,,,,,,,,,,,,,,,,,,,,,,,,,,,
173,68434.0,STP,Africa,Sao Tome and Principe,2021-05-12,2320.0,0.0,35.0,10585.825,159.7,,219161.0,212.84099999999998,18.7,2.886,2.162,3052.7140000000004,32.3,270.113,2.42,,,41.34,2.9,70.39,0.625,1.5187,0.022000000000000002,4.1199,0.0,7.3796,0.0562,2.3033,18.2736,1.2054,0.5152,0.424,0.0187,9.9865,0.3109,0.0293,3.7154,0.0073,2.5939,0.0,0.0024,0.7805,0.857,45.8801,10.6,7,0.643333333,0.008571429,0.504761905,0.13,210000.0,%
174,68871.0,SAU,Asia,Saudi Arabia,2021-05-12,429389.0,1020.0,7111.0,12333.85,204.25799999999998,,34813867.0,15.322000000000001,31.9,3.295,1.845,49045.41099999999,,259.538,17.72,1.8,25.4,,2.7,75.13,0.8540000000000001,0.0,0.3917,12.9962,0.0,16.3284,0.6003,1.0369,7.0413,4.9529,5.8598,0.669,0.1547,0.1492,0.4768,0.2434,1.4542,0.205,2.8571,0.0009,0.1135,1.7626,5.7024,37.0038,35.0,7.1,1.0557946409999999,0.018255758,1.0308980909999998,0.0066407919999999995,35041000.0,%
175,69311.0,SEN,Africa,Senegal,2021-05-12,40762.0,33.0,1121.0,2434.4339999999997,66.95,,16743930.0,82.32799999999999,18.7,3.008,1.796,2470.58,38.0,241.21900000000002,2.42,0.4,16.6,20.859,,67.94,0.512,0.3209,0.0353,5.3434,0.0,25.9204,0.1878,2.0588,2.3456,1.6081,1.2496,0.0148,0.20600000000000002,0.7637,0.4712,0.0717,2.6177,0.1161,2.0941,0.0,0.1047,1.9325,7.8951,44.6423,7.4,11.3,0.170144529,0.004031295,0.139106546,0.027006689,16744000.0,%
176,69753.0,SRB,Europe,Serbia,2021-05-12,703497.0,1046.0,6611.0,103385.565,971.549,,6804596.0,80.291,41.2,17.366,,14048.881000000001,,439.415,10.08,37.7,40.2,97.719,5.609,76.0,0.8059999999999999,4.3919999999999995,0.2524,16.7466,0.0,9.7485,0.6322,0.4148,5.9753,3.5893,11.619000000000002,0.0067,0.2389,0.1322,0.1805,0.0242,2.545,0.243,2.0255,0.0007,0.1268,0.4644,7.3941,33.2476,23.5,5.7,5.840908438,0.059105936,0.0,5.7818025010000005,6957000.0,%
177,70178.0,SYC,Africa,Seychelles,2021-05-12,8172.0,0.0,28.0,83099.451,284.726,,98340.0,208.354,36.2,8.606,5.586,26382.287,1.1,242.648,10.55,7.1,35.7,,3.6,73.4,0.7959999999999999,,,,,,,,,,,,,,,,,,,,,,,,,,,,,,,
178,70586.0,SLE,Africa,Sierra Leone,2021-05-12,4089.0,0.0,79.0,512.6,9.902999999999999,,7976985.0,104.7,19.1,2.5380000000000003,1.285,1390.3,52.2,325.721,2.42,8.8,41.3,19.275,,54.7,0.452,0.3009,0.0067,5.6877,0.0,19.9349,0.1343,2.5044,3.2119,0.7837,2.1711,0.2504,0.0857,0.5999,0.8913,0.0638,12.4228,0.0762,0.6323,0.0,0.1,1.276,4.5526,44.3138,7.5,25.6,0.047285947,0.000990347,0.030738373,0.015557227,7977000.0,%
179,71062.0,SGP,Asia,Singapore,2021-05-12,61419.0,16.0,31.0,10498.358999999999,5.2989999999999995,,5850343.0,7915.731,42.4,12.922,7.0489999999999995,85535.383,,92.243,10.99,5.2,28.3,,2.4,83.62,0.938,,,,,,,,,,,,,,,,,,,,,,,,,,,,,,,
180,71495.0,SVK,Europe,Slovakia,2021-05-12,386540.0,404.0,12096.0,70799.50099999999,2215.529,,5459643.0,113.12799999999999,41.2,15.07,9.167,30155.152000000002,0.7,287.959,7.29,23.1,37.7,,5.82,77.54,0.86,6.1266,1.3559,18.9841,0.0,5.4026,0.9390000000000001,0.7045,3.5463,4.3096,11.4696,0.028999999999999998,0.2055,0.2055,0.0973,0.0421,3.6814,0.2513,5.5166,0.0,0.1118,1.4380000000000002,4.5601,31.0231,22.4,3.4,4.792640059,0.09401318199999999,4.361424387,0.33720249,5462000.0,%
181,71961.0,SVN,Europe,Slovenia,2021-05-12,247449.0,724.0,4304.0,119026.981,2070.294,,2078932.0,102.619,44.5,19.062,12.93,31400.84,,153.493,7.25,20.1,25.0,,4.5,81.32,0.917,4.9933,1.1248,18.9196,0.0005,7.6345,0.5376,0.6515,6.4367,4.1610000000000005,12.2569,0.6133,0.1879,0.1285,0.1106,0.0561,2.6837,0.2615,2.4915,0.0,0.1972,0.4739,5.002,31.0774,22.5,<2.5,8.235901093999999,0.17175463600000002,7.312933903999999,0.751212553,2103000.0,%
182,72174.0,SLB,Oceania,Solomon Islands,2021-05-12,20.0,0.0,,29.116999999999997,,,686878.0,21.840999999999998,20.8,3.5069999999999997,2.043,2205.923,25.1,459.78,18.68,,,35.89,1.4,73.0,0.5670000000000001,0.8298,0.1038,3.8504,0.0121,9.0233,0.0826,2.2840000000000003,3.2798,0.8897,0.43799999999999994,0.5585,0.0394,5.0334,0.7366,0.0364,24.25,0.0856,0.8268,0.0,0.0356,0.3327,1.1223,46.1492,20.5,8.9,0.0023776220000000002,0.0,0.001398601,0.000979021,715000.0,%
183,72597.0,SOM,Africa,Somalia,2021-05-12,14486.0,0.0,753.0,911.4580000000001,47.379,,15893219.0,23.5,16.8,2.7310000000000003,1.496,,,365.769,6.05,,,9.831,0.9,57.4,,,,,,,,,,,,,,,,,,,,,,,,,,,,,,,,
184,73058.0,ZAF,Africa,South Africa,2021-05-12,1602031.0,2759.0,54968.0,27011.741,926.812,,59308690.0,46.754,27.3,5.343999999999999,3.053,12294.876,18.9,200.38,5.52,8.1,33.2,43.993,2.32,64.13,0.7090000000000001,6.2658,0.0593,11.8433,0.0009,17.1035,0.594,0.5365,1.9355,5.3933,4.8155,0.0009,0.4448,0.2462,0.1546,0.0539,2.8503,0.1321,4.4677,0.0,0.0108,1.1726,3.7632,38.1554,27.0,6.2,2.4714899040000002,0.077446837,2.248099886,0.145943181,59628000.0,%
185,73504.0,OWID_SAM,,South America,2021-05-12,26247010.0,144901.0,714539.0,60931.897000000004,1658.7879999999998,,430759772.0,,,,,,,,,,,,,,,,,,,,,,,,,,,,,,,,,,,,,,,,,,,,,
186,73982.0,KOR,Asia,South Korea,2021-05-12,129633.0,715.0,1891.0,2528.478,36.884,,51269183.0,527.967,43.4,13.914000000000001,8.622,35938.373999999996,0.2,85.99799999999999,6.8,6.2,40.9,,12.27,83.03,0.9159999999999999,4.8669,0.2553,11.8174,1.6794,11.7286,0.6414,3.4396,3.6993,4.4239,1.1394,0.0,0.2378,0.5632,0.07200000000000001,0.0288,0.9799,0.0945,2.4835,0.0006,0.1664,1.1663,12.3349,38.181,4.9,<2.5,0.15622718800000002,0.00284081,0.136855217,0.01653116,51781000.0,%
187,74385.0,SSD,Africa,South Sudan,2021-05-12,10641.0,0.0,115.0,950.622,10.274000000000001,,11193729.0,,19.2,3.4410000000000003,2.032,1569.888,,280.775,10.43,,,,,57.85,0.433,,,,,,,,,,,,,,,,,,,,,,,,,,,,,,,
188,74852.0,ESP,Europe,Spain,2021-05-12,3592751.0,6418.0,79208.0,76842.427,1694.115,,46754783.0,93.105,45.5,19.436,13.799000000000001,34272.36,1.0,99.40299999999999,7.17,27.4,31.4,,2.97,83.56,0.904,5.3152,0.2357,18.3382,0.0011,6.0548,0.7321,2.2646,4.8332,5.3456,9.5991,0.0,0.1605,0.265,0.2666,0.0069,3.0975,0.2229,1.8482,0.0,0.4287,1.5122,7.8139,31.6581,27.1,<2.5,6.176110003,0.128867429,0.315683846,5.7315587279999995,47635000.0,%
189,75324.0,LKA,Asia,Sri Lanka,2021-05-12,133527.0,2429.0,850.0,6235.719,39.695,,21413250.0,341.955,34.1,10.068999999999999,5.331,11669.077,0.7,197.093,10.68,0.3,27.0,,3.6,76.98,0.782,0.6809999999999999,0.0147,5.5328,0.0039,20.7839,0.4178,3.0173,4.1171,0.8845,1.0948,0.0303,0.0998,7.1364,0.9608,0.5244,1.9793,0.2818,2.7209,0.0,0.135,0.2466,4.8753,44.4618,5.4,9,0.312604276,0.001600036,0.285335278,0.025668961,21937000.0,%
190,75751.0,SDN,Africa,Sudan,2021-05-12,34889.0,0.0,2446.0,795.658,55.782,,43849269.0,23.258000000000003,19.7,3.548,2.0340000000000003,4466.5070000000005,,431.38800000000003,15.67,,,23.436999999999998,0.8,65.31,0.51,0.0,0.0958,13.1178,0.0,12.9192,0.1176,0.1018,7.0919,2.1133,10.4116,0.0741,0.2796,0.49200000000000005,1.0631,0.0405,1.9167,0.1502,3.1231,0.7262,0.0,0.9366,8.3477,36.8813,7.4,20.1,0.067581929,0.004175694000000001,0.049702388,0.013703847,43849000.0,%
191,76176.0,SUR,South America,Suriname,2021-05-12,11427.0,121.0,220.0,19478.926,375.02099999999996,,586634.0,3.612,29.6,6.933,4.229,13767.118999999999,,258.314,12.54,7.4,42.9,67.779,3.1,71.68,0.738,4.1704,0.0438,6.7984,0.0,13.9476,0.5407,1.4348,8.6872,3.6451,1.0789,1.2414,0.0576,0.6757,0.1719,0.0224,2.4553,0.0903,4.7051,0.3207,0.0155,1.3351,5.3705,43.1917,26.5,8.5,1.429752066,0.026446281000000002,1.318016529,0.085289256,605000.0,%
192,76643.0,SWE,Europe,Sweden,2021-05-12,1027934.0,6330.0,14267.0,101783.0,1412.6760000000002,,10099270.0,24.718000000000004,41.0,19.985,13.433,46949.282999999996,0.5,133.982,4.79,18.8,18.9,,2.22,82.8,0.945,4.4232,1.0442,24.0627,0.0,6.1923,0.7266,1.7659,3.5405,4.1476,16.3687,0.4623,0.0086,0.1712,0.0937,0.0484,2.8343,0.5533,2.5211,0.0,0.0996,0.3967,4.611000000000001,25.9282,22.1,<2.5,5.666975041000001,0.116748579,0.0,5.550226462,10377000.0,%
193,77086.0,CHE,Europe,Switzerland,2021-05-12,677210.0,1539.0,10725.0,78248.399,1239.223,,8654618.0,214.243,43.1,18.436,12.644,57410.166,,99.73899999999999,5.59,22.6,28.9,,4.53,83.78,0.955,4.9978,0.4802,22.4227,0.0022,5.9818,0.5377,0.9109,4.6041,3.6314,16.706,0.0,0.1549,0.1124,0.0995,0.0382,2.1542,0.3727,2.9737,0.0,0.2377,1.0637,4.9478,27.5705,21.2,<2.5,6.160215427000001,0.11125781800000001,3.678480426,2.370477183,8634000.0,%
194,77503.0,SYR,Asia,Syria,2021-05-12,23543.0,53.0,1676.0,1345.264,95.76799999999999,,17500657.0,,21.7,,2.577,,,376.264,,,,70.598,1.5,72.7,0.5670000000000001,,,,,,,,,,,,,,,,,,,,,,,,,,,,,,,
195,77986.0,TWN,Asia,Taiwan,2021-05-12,1231.0,21.0,12.0,51.68600000000001,0.504,,23816775.0,,42.2,,8.353,,,103.95700000000001,,,,,,80.46,,2.7663,0.1577,12.1312,0.0281,10.0808,1.09,2.3182,8.3904,6.0558,2.3299,0.1874,0.1507,1.0736,0.2077,0.1023,0.8565,0.1374,2.3455,0.2826,0.4185,1.8271,9.1938,37.8684,,3.5,0.003913596,3.81e-05,0.0035705209999999997,0.000304956,23610000.0,%
196,78364.0,TJK,Asia,Tajikistan,2021-05-12,13308.0,0.0,90.0,1395.3129999999999,9.436,,9537642.0,64.281,23.3,3.466,2.155,2896.913,4.8,427.69800000000004,7.11,,,72.704,4.8,71.1,0.6679999999999999,0.1423,0.0018,7.2363,0.0,13.3691,0.2255,0.0342,3.7863,1.5221,5.2373,0.2089,0.2144,0.1349,0.2486,0.0305,2.9278,0.0555,1.6607,0.0,0.0582,0.8419,19.2995,42.7642,12.6,,0.141139039,0.000954502,0.140184537,0.0,9429000.0,%
197,78787.0,TZA,Africa,Tanzania,2021-05-12,509.0,0.0,21.0,8.521,0.35200000000000004,,59734213.0,64.699,17.7,3.108,1.874,2683.304,49.1,217.28799999999998,5.75,3.3,26.7,47.953,0.7,65.46,0.529,4.5185,0.0403,4.8022,0.0,10.4453,0.03,0.5828,6.8147,0.7902,3.3606,0.0214,0.0,1.2839,2.1761,0.0274,13.937000000000001,0.03,1.0345,0.0,0.042,0.9136,3.952,45.1973,7.1,30.7,0.000852111,3.52e-05,0.000306358,0.000510597,59734000.0,%
198,79282.0,THA,Asia,Thailand,2021-05-12,88907.0,1983.0,486.0,1273.74,6.962999999999999,,69799978.0,135.132,40.1,11.373,6.89,16277.671,0.1,109.861,7.04,1.9,38.8,90.67,2.1,77.15,0.777,3.6223,0.0902,7.7828,0.0325,17.5571,1.1143,2.6297,8.3291,2.4675,1.3279,0.009000000000000001,0.1199,1.2775,0.2344,0.6626,1.8887,0.1262,4.0424,0.0,0.0938,0.7816,3.5962,42.2145,10.8,7.8,0.035126402,0.00011873600000000001,0.025463673,0.009543993,66534000.0,%
199,79699.0,TLS,Asia,Timor,2021-05-12,3626.0,133.0,5.0,2750.216,3.792,,1318442.0,87.176,18.0,3.556,1.8969999999999998,6570.102,30.3,335.346,6.86,6.3,78.1,28.178,5.9,69.5,0.606,0.4459,0.0897,5.4983,0.0,26.331999999999997,0.1025,1.0225,2.1027,4.0376,0.1307,0.8905,0.1153,0.5612,0.9098,0.05,5.5022,1.0136,2.8203,0.0,0.0013,0.6842,3.1867,44.503,2.9,24.9,0.006069803,0.0,0.004628225,0.0014415779999999998,1318000.0,%
200,80134.0,TGO,Africa,Togo,2021-05-12,13210.0,43.0,125.0,1595.654,15.099,,8278737.0,143.366,19.4,2.839,1.525,1429.8129999999999,49.2,280.033,6.15,0.9,14.2,10.475,0.7,61.04,0.515,1.0144,0.0292,3.6702,0.0,15.8144,0.1067,1.3178,0.91,1.4133,0.7246,0.7448,0.0775,0.4718,1.7626,0.0595,20.0654,0.0843,1.8312,0.0,0.0,1.4099,2.1637,46.3287,7.1,16.1,0.065660104,0.000954222,0.054777147000000005,0.009928735,8279000.0,%
201,80156.0,TON,Oceania,Tonga,2021-05-11,,,,,,,105697.0,150.028,22.3,5.82,4.032,5425.621,,227.49,15.42,11.8,44.4,,2.6,70.91,0.725,,,,,,,,,,,,,,,,,,,,,,,,,,,,,,,
202,80581.0,TTO,North America,Trinidad and Tobago,2021-05-12,14417.0,615.0,235.0,10301.603000000001,167.918,,1399491.0,266.88599999999997,36.2,10.014,5.819,28763.071,,228.467,10.97,,,89.443,3.0,73.51,0.7959999999999999,2.4881,0.2804,12.7835,0.0,13.0903,0.4044,2.3299,4.9733,6.7063,2.8789,0.2413,0.1837,1.2016,0.8939,0.2305,3.5148,0.0899,5.62,0.0,0.0928,1.2563,3.5256,37.2145,19.7,5.5,0.5560262970000001,0.009861213,0.529948868,0.016216216000000002,1369000.0,%
203,81016.0,TUN,Africa,Tunisia,2021-05-12,324103.0,1105.0,11637.0,27423.088,984.633,,11818618.0,74.22800000000001,32.7,8.001,5.075,10849.296999999999,2.0,318.991,8.52,1.1,65.8,78.687,2.3,76.7,0.74,0.7037,0.2083,9.6312,0.0,12.0523,0.4508,0.7615,5.4307,1.6411,6.4775,0.0116,0.0926,0.2031,0.4311,0.1065,1.7724,0.1979,2.0832,0.0,0.3489,1.2551,15.7731,40.3673,27.3,4.3,1.817215871,0.060205111,1.453303631,0.303707128,11896000.0,%
204,81444.0,TUR,Asia,Turkey,2021-05-12,5072462.0,13029.0,43821.0,60143.682,519.581,,84339067.0,104.914,31.6,8.152999999999999,5.061,25129.341,0.2,171.285,12.13,14.1,41.1,,2.81,77.69,0.82,0.6474,0.1459,12.3156,0.0,9.708,0.3956,0.2582,6.8321,2.0694,9.3619,0.0101,0.0857,0.272,0.682,0.1251,2.4947,0.2002,1.7004,0.0,0.4664,1.0174,13.5284,37.6836,32.2,<2.5,3.015137872,0.031867633,2.881050193,0.102220046,83737000.0,%
205,81536.0,TCA,North America,Turks and Caicos Islands,2021-04-11,,,,,,,38718.0,37.312,,,,,,,,,,,,80.22,,,,,,,,,,,,,,,,,,,,,,,,,,,,,,,,
206,81537.0,TUV,Oceania,Tuvalu,2021-04-27,,,,,,,11792.0,373.06699999999995,,,,3575.1040000000003,3.3,,27.25,,,,,67.57,,,,,,,,,,,,,,,,,,,,,,,,,,,,,,,,
207,81955.0,UGA,Africa,Uganda,2021-05-12,42487.0,60.0,346.0,928.86,7.564,,45741000.0,213.75900000000001,16.4,2.168,1.308,1697.707,41.6,213.333,2.5,3.4,16.7,21.221999999999998,0.5,63.37,0.544,6.1671,0.0352,5.6473,0.0,6.747999999999999,0.0815,1.0442,11.3112,0.8978,3.4755,0.0371,0.113,0.6338,2.3942,0.012,12.360999999999999,0.013000000000000001,1.2601,0.0,0.0,0.7440000000000001,2.6703,44.3536,4.1,41,0.087057563,0.000714895,0.031370106,0.054972562999999995,45741000.0,%
208,82391.0,UKR,Europe,Ukraine,2021-05-12,2185088.0,4659.0,48908.0,49963.416,1118.312,,43733759.0,77.39,41.4,16.462,11.133,7894.393,0.1,539.849,7.11,13.5,47.4,,8.8,72.06,0.779,2.625,0.1753,13.1214,0.0006,9.3613,0.8434,0.6821,2.9418,2.7425,8.5442,0.006999999999999999,0.1339,0.0175,0.1099,0.0111,7.6721,0.0883,3.8811,0.0,0.0807,0.647,9.4361,36.8777,26.1,3.5,3.0759227339999997,0.059205802,2.6533821630000003,0.363334769,41778000.0,%
209,82861.0,ARE,Asia,United Arab Emirates,2021-05-12,540646.0,1508.0,1619.0,54663.71400000001,163.694,,9890400.0,112.44200000000001,34.0,1.1440000000000001,0.526,67293.483,,317.84,17.26,1.2,37.4,,1.2,77.97,0.89,0.0,0.1896,10.5491,0.0,12.905999999999999,0.5958,1.9682,8.1938,4.94,2.6468,0.9471,0.2095,0.6133,2.1108,0.3194,0.8937,0.1649,3.6576,0.0,0.5838,0.7949,8.2695,39.4461,29.9,2.6,3.307445285,0.009347515,3.079167519,0.218930252,9778000.0,%
210,83329.0,GBR,Europe,United Kingdom,2021-05-12,4457742.0,2296.0,127901.0,65665.11099999999,1884.056,,67886004.0,272.89799999999997,40.8,18.517,12.527000000000001,39753.244,0.2,122.137,4.28,20.0,24.7,,2.54,81.32,0.932,5.2632,0.2754,18.8798,0.0006,6.5412,0.621,1.0911,4.9551,4.4181,12.3684,0.6658,0.1056,0.22399999999999998,0.2035,0.0653,5.1133,0.2461,2.4383,0.0,0.0901,0.7372,4.5851,31.1116,29.5,<2.5,5.868482727999999,0.167220071,0.01516081,5.686101846000001,67160000.0,%
211,83806.0,USA,North America,United States of America,2021-05-12,32814415.0,35509.0,583684.0,99136.413,1763.382,,331002647.0,35.608000000000004,38.3,15.413,9.732000000000001,54225.445999999996,1.2,151.089,10.79,19.1,24.6,,2.77,78.86,0.9259999999999999,4.8647,0.1681,21.2352,0.002,5.5048,0.7859999999999999,1.1287,4.5432,6.2645,12.8657,0.0,0.0197,0.3246,0.1893,0.049,2.839,0.2458,3.32,0.0,0.1772,0.9889,5.7249,28.7587,37.3,<2.5,8.15992185,0.140103008,0.0,8.019818842000001,329878000.0,%
212,84232.0,URY,South America,Uruguay,2021-05-12,228102.0,2255.0,3252.0,65664.918,936.17,,3473727.0,19.750999999999998,35.6,14.655,10.360999999999999,20551.409,0.1,160.708,6.93,14.0,19.9,,2.8,77.91,0.8170000000000001,3.5664,0.21,17.8865,0.0,10.251,0.7764,0.6058,5.3746,3.7863,12.3906,0.3918,0.1168,0.27699999999999997,0.1936,0.0144,3.0439999999999996,0.6169,3.4102,0.0,0.0131,1.0337,3.9333,32.1076,28.9,<2.5,1.269102237,0.013622203000000001,1.089464741,0.166015293,3531000.0,%
213,84656.0,UZB,Asia,Uzbekistan,2021-05-12,95467.0,395.0,666.0,2852.384,19.899,,33469199.0,76.134,28.2,4.468999999999999,2.873,6253.104,,724.4169999999999,7.57,1.3,24.7,,4.0,71.72,0.72,0.6835,0.1353,14.4463,0.0,10.5365,0.3566,0.1218,5.215,1.8621,11.7952,0.04,0.1748,0.0287,0.0022,0.0038,2.8891,0.0644,0.5796,0.0,0.0649,0.6109,14.8354,35.554,15.3,6.3,0.23130157399999998,0.001817171,0.22675133100000003,0.002733072,34174000.0,%
214,84840.0,VUT,Oceania,Vanuatu,2021-05-12,4.0,0.0,1.0,13.023,3.2560000000000002,,307150.0,22.662,23.1,4.394,2.62,2921.909,13.2,546.3,12.02,2.8,34.5,25.209,,70.47,0.609,0.2424,0.0793,6.6244,0.0,6.4102,0.1875,2.1649,5.8103,2.7466,1.2692,0.2882,0.1776,12.1763,0.0008,0.0374,12.7275,0.0305,1.3645,0.0,0.0038,0.3674,3.9175,43.3737,23.5,7.2,0.000311526,0.0,0.000311526,0.0,321000.0,%
215,85273.0,VAT,Europe,Vatican,2021-05-12,27.0,0.0,,33374.536,,,809.0,,,,,,,,,,,,,75.12,,,,,,,,,,,,,,,,,,,,,,,,,,,,,,,,
216,85698.0,VEN,South America,Venezuela,2021-05-12,210948.0,832.0,2337.0,7418.358,82.185,,28435943.0,36.253,29.0,6.614,3.915,16745.022,,204.85,6.47,,,,0.8,72.06,0.711,2.5952,0.0403,14.7565,0.0,12.9253,0.3389,0.9456,7.646,3.8328,9.392000000000001,0.0702,0.2078,0.0281,0.3342,0.0009,2.5643,0.1479,3.4106,0.0,0.0009,1.3734,4.1474,35.2416,25.2,21.2,0.452585093,0.004286961,0.42439867299999995,0.023899458999999998,28645000.0,%
217,86174.0,VNM,Asia,Vietnam,2021-05-12,3658.0,87.0,35.0,37.58,0.36,,97338583.0,308.127,32.6,7.15,4.718,6171.884,2.0,245.465,6.0,1.0,45.9,85.84700000000001,2.6,75.4,0.7040000000000001,1.4591,0.16399999999999998,8.5765,0.0042,16.874000000000002,0.3077,2.6392,5.9029,4.4382,0.6069,0.0126,0.4149,0.841,0.2032,0.2074,1.0596,0.28800000000000003,1.2846,0.815,0.307,0.2201,11.9508,41.4232,2.1,9.3,0.002063217,3.64e-05,0.001525845,0.000500993,96209000.0,%
218,86224.0,WLF,Oceania,Wallis and Futuna,2021-05-11,,,,,,,11246.0,,,,,,,,,,,,,79.94,,,,,,,,,,,,,,,,,,,,,,,,,,,,,,,,
219,86701.0,OWID_WRL,,World,2021-05-12,160450504.0,759730.0,3331258.0,20584.304,427.369,,7794798729.0,58.045,30.9,8.696,5.355,15469.207,10.0,233.07,8.51,6.434,34.635,60.13,2.705,72.58,0.737,,,,,,,,,,,,,,,,,,,,,,,,,,,,,,,
220,87099.0,YEM,Asia,Yemen,2021-05-12,6498.0,6.0,1277.0,217.864,42.815,,29825968.0,53.508,20.3,2.9219999999999997,1.5830000000000002,1479.1470000000002,18.8,495.00300000000004,5.35,7.6,29.2,49.542,0.7,66.12,0.47,0.0364,0.0446,5.7874,0.0,27.2077,0.2579,0.524,5.1344,2.7871,1.8911,0.2033,0.2827,0.0893,0.8645,0.0347,1.0794,0.2199,5.0468,0.0,0.0017,1.0811,3.2135,44.2126,14.1,38.9,0.007131362,0.002061959,0.004787769,0.000281633,29826000.0,%
221,87520.0,ZMB,Africa,Zambia,2021-05-12,92211.0,59.0,1259.0,5015.840999999999,68.484,,18383956.0,22.995,17.7,2.48,1.5419999999999998,3689.2509999999997,57.5,234.49900000000002,3.94,3.1,24.7,13.937999999999999,2.0,63.89,0.584,5.736000000000001,0.0829,6.0197,0.0,21.1938,0.3399,1.6924,1.0183,1.8427,1.757,0.2149,0.3048,1.8736,0.1756,0.0478,7.9649,0.0618,1.5632,0.0,0.0014,0.6657,3.4649,43.9789,6.5,46.7,0.334132942,0.004563751,0.290524369,0.039044822,18384000.0,%
222,87939.0,ZWE,Africa,Zimbabwe,2021-05-12,38466.0,18.0,1579.0,2588.05,106.23700000000001,,14862927.0,42.729,19.6,2.822,1.882,1899.775,21.4,307.846,1.82,1.6,30.7,36.791,1.7,61.49,0.5710000000000001,4.0552,0.0755,8.1489,0.0,22.624000000000002,0.2678,0.5518,2.2,2.6142,4.431,0.2012,0.2086,0.4498,0.4261,0.0252,2.987,0.1494,4.6485,0.0,0.0518,1.7103,2.3213,41.8526,12.3,51.3,0.232032564,0.008854202,0.19096413899999998,0.032214223,14863000.0,%
223,,,,Cabo Verde,,,,,,,,,,,,,,,,,,,,,,,3.9814,0.0363,9.7559,0.0029,14.7961,0.4602,1.0598,4.6402,3.0725,5.0192,1.119,0.105,0.5394,1.139,0.2731,3.843,0.1671,2.1396,0.0,0.0258,0.9471,6.6338,40.2437,10.6,12.6,2.586330935,0.024280576,2.461151079,0.100899281,556000.0,%
224,,,,Kiribati,,,,,,,,,,,,,,,,,,,,,,,0.297,0.0486,8.8958,0.0,8.2747,0.16399999999999998,6.1065,5.8907,2.3856,0.1561,0.5104,0.035,9.9946,0.0032,0.0064,7.183,0.0311,4.1373,0.0,0.1951,0.4419,4.1389,41.1042,45.6,2.7,,,,,125000.0,%
225,,,,"Korea, North",,,,,,,,,,,,,,,,,,,,,,,0.8981,0.001,3.3933,0.001,17.9378,0.4668,1.1568,6.1383,1.3872,0.3146,0.069,0.066,0.209,1.1,0.0,6.2438,0.0142,0.3694,0.0,0.0426,0.7783,12.8082,46.6046,7.1,47.8,,,,,25779000.0,%
226,,,,Turkmenistan,,,,,,,,,,,,,,,,,,,,,,,0.5038,0.3373,16.0611,0.0,14.8029,0.5139,0.2137,4.1441,4.3767,10.5606,0.253,0.0589,0.0661,0.1032,0.0015,2.3,0.0945,0.6746,0.0,0.0283,0.5655,10.4014,33.9389,17.5,5.4,,,,,6031000.0,%
